,Gender,Married,Dependents,Education,Self_Employed,ApplicantIncome,CoapplicantIncome,LoanAmount,Loan_Amount_Term,Credit_History,Loan_Status,Property_Area_Rural,Property_Area_Semiurban,Property_Area_Urban
0,True,False,0.0,True,False,5849,0.0,128.0,360.0,1.0,True,0,0,1
1,True,True,1.0,True,False,4583,1508.0,128.0,360.0,1.0,False,1,0,0
2,True,True,0.0,True,True,3000,0.0,66.0,360.0,1.0,True,0,0,1
3,True,True,0.0,False,False,2583,2358.0,120.0,360.0,1.0,True,0,0,1
4,True,False,0.0,True,False,6000,0.0,141.0,360.0,1.0,True,0,0,1
5,True,True,2.0,True,True,5417,4196.0,267.0,360.0,1.0,True,0,0,1
6,True,True,0.0,False,False,2333,1516.0,95.0,360.0,1.0,True,0,0,1
7,True,True,3.0,True,False,3036,2504.0,158.0,360.0,0.0,False,0,1,0
8,True,True,2.0,True,False,4006,1526.0,168.0,360.0,1.0,True,0,0,1
9,True,True,1.0,True,False,12841,10968.0,349.0,360.0,1.0,False,0,1,0
10,True,True,2.0,True,False,3200,700.0,70.0,360.0,1.0,True,0,0,1
11,True,True,2.0,True,False,2500,1840.0,109.0,360.0,1.0,True,0,0,1
12,True,True,2.0,True,False,3073,8106.0,200.0,360.0,1.0,True,0,0,1
13,True,False,0.0,True,False,1853,2840.0,114.0,360.0,1.0,False,1,0,0
14,True,True,2.0,True,False,1299,1086.0,17.0,120.0,1.0,True,0,0,1
15,True,False,0.0,True,False,4950,0.0,125.0,360.0,1.0,True,0,0,1
16,True,False,1.0,False,False,3596,0.0,100.0,240.0,1.0,True,0,0,1
17,False,False,0.0,True,False,3510,0.0,76.0,360.0,0.0,False,0,0,1
18,True,True,0.0,False,False,4887,0.0,133.0,360.0,1.0,False,1,0,0
19,True,True,0.0,True,False,2600,3500.0,115.0,360.0,1.0,True,0,0,1
20,True,True,0.0,False,False,7660,0.0,104.0,360.0,0.0,False,0,0,1
21,True,True,1.0,True,False,5955,5625.0,315.0,360.0,1.0,True,0,0,1
22,True,True,0.0,False,False,2600,1911.0,116.0,360.0,0.0,False,0,1,0
23,True,True,2.0,False,False,3365,1917.0,112.0,360.0,0.0,False,1,0,0
24,True,True,1.0,True,False,3717,2925.0,151.0,360.0,1.0,False,0,1,0
25,True,True,0.0,True,True,9560,0.0,191.0,360.0,1.0,True,0,1,0
26,True,True,0.0,True,False,2799,2253.0,122.0,360.0,1.0,True,0,1,0
27,True,True,2.0,False,False,4226,1040.0,110.0,360.0,1.0,True,0,0,1
28,True,False,0.0,False,False,1442,0.0,35.0,360.0,1.0,False,0,0,1
29,False,False,2.0,True,False,3750,2083.0,120.0,360.0,1.0,True,0,1,0
30,True,True,1.0,True,False,4166,3369.0,201.0,360.0,1.0,False,0,0,1
31,True,False,0.0,True,False,3167,0.0,74.0,360.0,1.0,False,0,0,1
32,True,False,1.0,True,True,4692,0.0,106.0,360.0,1.0,False,1,0,0
33,True,True,0.0,True,False,3500,1667.0,114.0,360.0,1.0,True,0,1,0
34,True,False,3.0,True,False,12500,3000.0,320.0,360.0,1.0,False,1,0,0
35,True,True,0.0,True,False,2275,2067.0,128.0,360.0,1.0,True,0,0,1
36,True,True,0.0,True,False,1828,1330.0,100.0,360.0,0.0,False,0,0,1
37,False,True,0.0,True,False,3667,1459.0,144.0,360.0,1.0,True,0,1,0
38,True,False,0.0,True,False,4166,7210.0,184.0,360.0,1.0,True,0,0,1
39,True,False,0.0,False,False,3748,1668.0,110.0,360.0,1.0,True,0,1,0
40,True,False,0.0,True,False,3600,0.0,80.0,360.0,1.0,False,0,0,1
41,True,False,0.0,True,False,1800,1213.0,47.0,360.0,1.0,True,0,0,1
42,True,True,0.0,True,False,2400,0.0,75.0,360.0,1.0,True,0,0,1
43,True,True,0.0,True,False,3941,2336.0,134.0,360.0,1.0,True,0,1,0
44,True,True,0.0,False,True,4695,0.0,96.0,360.0,1.0,True,0,0,1
45,False,False,0.0,True,False,3410,0.0,88.0,360.0,1.0,True,0,0,1
46,True,True,1.0,True,False,5649,0.0,44.0,360.0,1.0,True,0,0,1
47,True,True,0.0,True,False,5821,0.0,144.0,360.0,1.0,True,0,0,1
48,False,True,0.0,True,False,2645,3440.0,120.0,360.0,0.0,False,0,0,1
49,False,False,0.0,True,False,4000,2275.0,144.0,360.0,1.0,True,0,1,0
50,False,True,0.0,False,False,1928,1644.0,100.0,360.0,1.0,True,0,1,0
51,False,False,0.0,True,False,3086,0.0,120.0,360.0,1.0,True,0,1,0
52,False,False,0.0,True,False,4230,0.0,112.0,360.0,1.0,False,0,1,0
53,True,True,2.0,True,False,4616,0.0,134.0,360.0,1.0,False,0,0,1
54,False,True,1.0,True,True,11500,0.0,286.0,360.0,0.0,False,0,0,1
55,True,True,2.0,True,False,2708,1167.0,97.0,360.0,1.0,True,0,1,0
56,True,True,0.0,True,False,2132,1591.0,96.0,360.0,1.0,True,0,1,0
57,True,True,0.0,True,False,3366,2200.0,135.0,360.0,1.0,False,1,0,0
58,True,True,1.0,True,False,8080,2250.0,180.0,360.0,1.0,True,0,0,1
59,True,True,2.0,False,False,3357,2859.0,144.0,360.0,1.0,True,0,0,1
60,True,True,0.0,True,False,2500,3796.0,120.0,360.0,1.0,True,0,0,1
61,True,True,3.0,True,False,3029,0.0,99.0,360.0,1.0,True,0,0,1
62,True,True,0.0,False,True,2609,3449.0,165.0,180.0,0.0,False,1,0,0
63,True,True,1.0,True,False,4945,0.0,128.0,360.0,0.0,False,1,0,0
64,False,False,0.0,True,False,4166,0.0,116.0,360.0,0.0,False,0,1,0
65,True,True,0.0,True,False,5726,4595.0,258.0,360.0,1.0,False,0,1,0
66,True,False,0.0,False,False,3200,2254.0,126.0,180.0,0.0,False,0,0,1
67,True,True,1.0,True,False,10750,0.0,312.0,360.0,1.0,True,0,0,1
68,True,True,3.0,False,True,7100,0.0,125.0,60.0,1.0,True,0,0,1
69,False,False,0.0,True,False,4300,0.0,136.0,360.0,0.0,False,0,1,0
70,True,True,0.0,True,False,3208,3066.0,172.0,360.0,1.0,True,0,0,1
71,True,True,2.0,False,True,1875,1875.0,97.0,360.0,1.0,True,0,1,0
72,True,False,0.0,True,False,3500,0.0,81.0,300.0,1.0,True,0,1,0
73,True,True,3.0,False,False,4755,0.0,95.0,360.0,0.0,False,0,1,0
74,True,True,3.0,True,True,5266,1774.0,187.0,360.0,1.0,True,0,1,0
75,True,False,0.0,True,False,3750,0.0,113.0,480.0,1.0,False,0,0,1
76,True,False,0.0,True,False,3750,4750.0,176.0,360.0,1.0,False,0,0,1
77,True,True,1.0,True,True,1000,3022.0,110.0,360.0,1.0,False,0,0,1
78,True,True,3.0,True,False,3167,4000.0,180.0,300.0,0.0,False,0,1,0
79,True,True,3.0,False,True,3333,2166.0,130.0,360.0,1.0,True,0,1,0
80,False,False,0.0,True,False,3846,0.0,111.0,360.0,1.0,True,0,1,0
81,True,True,1.0,True,True,2395,0.0,128.0,360.0,1.0,True,0,1,0
82,False,True,2.0,True,False,1378,1881.0,167.0,360.0,1.0,False,0,0,1
83,True,True,0.0,True,False,6000,2250.0,265.0,360.0,1.0,False,0,1,0
84,True,True,1.0,True,False,3988,0.0,50.0,240.0,1.0,True,0,0,1
85,True,False,0.0,True,False,2366,2531.0,136.0,360.0,1.0,True,0,1,0
86,True,True,2.0,False,False,3333,2000.0,99.0,360.0,1.0,True,0,1,0
87,True,True,0.0,True,False,2500,2118.0,104.0,360.0,1.0,True,0,1,0
88,True,False,0.0,True,False,8566,0.0,210.0,360.0,1.0,True,0,0,1
89,True,True,0.0,True,False,5695,4167.0,175.0,360.0,1.0,True,0,1,0
90,True,True,0.0,True,False,2958,2900.0,131.0,360.0,1.0,True,0,1,0
91,True,True,2.0,True,False,6250,5654.0,188.0,180.0,1.0,True,0,1,0
92,True,True,2.0,False,False,3273,1820.0,81.0,360.0,1.0,True,0,0,1
93,True,False,0.0,True,False,4133,0.0,122.0,360.0,1.0,True,0,1,0
94,True,False,0.0,False,False,3620,0.0,25.0,120.0,1.0,True,0,1,0
95,True,False,0.0,True,False,6782,0.0,128.0,360.0,1.0,False,0,0,1
96,False,True,0.0,True,False,2484,2302.0,137.0,360.0,1.0,True,0,1,0
97,True,True,0.0,True,False,1977,997.0,50.0,360.0,1.0,True,0,1,0
98,True,True,0.0,False,False,4188,0.0,115.0,180.0,1.0,True,0,1,0
99,True,True,0.0,True,False,1759,3541.0,131.0,360.0,1.0,True,0,1,0
100,True,True,2.0,False,False,4288,3263.0,133.0,180.0,1.0,True,0,0,1
101,True,False,0.0,True,False,4843,3806.0,151.0,360.0,1.0,True,0,1,0
102,True,True,0.0,True,False,13650,0.0,128.0,360.0,1.0,True,0,0,1
103,True,True,0.0,True,False,4652,3583.0,128.0,360.0,1.0,True,0,1,0
104,True,True,0.0,True,False,3816,754.0,160.0,360.0,1.0,True,0,0,1
105,True,True,1.0,True,False,3052,1030.0,100.0,360.0,1.0,True,0,0,1
106,True,True,2.0,True,False,11417,1126.0,225.0,360.0,1.0,True,0,0,1
107,True,False,0.0,False,False,7333,0.0,120.0,360.0,1.0,False,1,0,0
108,True,True,2.0,True,False,3800,3600.0,216.0,360.0,0.0,False,0,0,1
109,True,True,3.0,False,False,2071,754.0,94.0,480.0,1.0,True,0,1,0
110,True,False,0.0,True,False,5316,0.0,136.0,360.0,1.0,True,0,0,1
111,False,True,0.0,True,False,2929,2333.0,139.0,360.0,1.0,True,0,1,0
112,True,True,0.0,False,False,3572,4114.0,152.0,360.0,0.0,False,1,0,0
113,False,False,1.0,True,True,7451,0.0,128.0,360.0,1.0,True,0,1,0
114,True,False,0.0,True,False,5050,0.0,118.0,360.0,1.0,True,0,1,0
115,True,True,1.0,True,False,14583,0.0,185.0,180.0,1.0,True,1,0,0
116,False,True,0.0,True,False,3167,2283.0,154.0,360.0,1.0,True,0,1,0
117,True,True,1.0,True,False,2214,1398.0,85.0,360.0,1.0,True,0,0,1
118,True,True,0.0,True,False,5568,2142.0,175.0,360.0,1.0,False,1,0,0
119,False,False,0.0,True,False,10408,0.0,259.0,360.0,1.0,True,0,0,1
120,True,True,0.0,True,False,5667,2667.0,180.0,360.0,1.0,True,1,0,0
121,False,False,0.0,True,False,4166,0.0,44.0,360.0,1.0,True,0,1,0
122,False,False,0.0,True,False,2137,8980.0,137.0,360.0,0.0,True,0,1,0
123,True,True,2.0,True,False,2957,0.0,81.0,360.0,1.0,True,0,1,0
124,True,True,0.0,False,False,4300,2014.0,194.0,360.0,1.0,True,1,0,0
125,False,False,0.0,True,False,3692,0.0,93.0,360.0,1.0,True,1,0,0
126,True,True,3.0,True,False,23803,0.0,370.0,360.0,1.0,True,1,0,0
127,True,False,0.0,True,False,3865,1640.0,128.0,360.0,1.0,True,1,0,0
128,True,True,1.0,True,True,10513,3850.0,160.0,180.0,0.0,False,0,0,1
129,True,True,0.0,True,False,6080,2569.0,182.0,360.0,1.0,False,1,0,0
130,True,False,0.0,True,True,20166,0.0,650.0,480.0,1.0,True,0,0,1
131,True,False,0.0,True,False,2014,1929.0,74.0,360.0,1.0,True,0,0,1
132,True,False,0.0,True,False,2718,0.0,70.0,360.0,1.0,True,0,1,0
133,True,True,0.0,True,True,3459,0.0,25.0,120.0,1.0,True,0,1,0
134,True,False,0.0,True,False,4895,0.0,102.0,360.0,1.0,True,0,1,0
135,True,True,3.0,True,False,4000,7750.0,290.0,360.0,1.0,False,0,1,0
136,False,True,0.0,True,False,4583,0.0,84.0,360.0,1.0,False,1,0,0
137,True,True,2.0,True,True,3316,3500.0,88.0,360.0,1.0,True,0,0,1
138,True,False,0.0,True,False,14999,0.0,242.0,360.0,0.0,False,0,1,0
139,True,True,2.0,False,False,4200,1430.0,129.0,360.0,1.0,False,1,0,0
140,True,True,2.0,True,False,5042,2083.0,185.0,360.0,1.0,False,1,0,0
141,True,False,0.0,True,False,5417,0.0,168.0,360.0,1.0,True,0,0,1
142,True,False,0.0,True,True,6950,0.0,175.0,180.0,1.0,True,0,1,0
143,True,True,0.0,True,False,2698,2034.0,122.0,360.0,1.0,True,0,1,0
144,True,True,2.0,True,False,11757,0.0,187.0,180.0,1.0,True,0,0,1
145,False,True,0.0,True,False,2330,4486.0,100.0,360.0,1.0,True,0,1,0
146,False,True,2.0,True,False,14866,0.0,70.0,360.0,1.0,True,0,0,1
147,True,True,1.0,True,False,1538,1425.0,30.0,360.0,1.0,True,0,0,1
148,False,False,0.0,True,False,10000,1666.0,225.0,360.0,1.0,False,1,0,0
149,True,True,0.0,True,False,4860,830.0,125.0,360.0,1.0,True,0,1,0
150,True,False,0.0,True,False,6277,0.0,118.0,360.0,0.0,False,1,0,0
151,True,True,0.0,True,True,2577,3750.0,152.0,360.0,1.0,True,1,0,0
152,True,False,0.0,True,False,9166,0.0,244.0,360.0,1.0,False,0,0,1
153,True,True,2.0,False,False,2281,0.0,113.0,360.0,1.0,False,1,0,0
154,True,False,0.0,True,False,3254,0.0,50.0,360.0,1.0,True,0,0,1
155,True,True,3.0,True,False,39999,0.0,600.0,180.0,0.0,True,0,1,0
156,True,True,1.0,True,False,6000,0.0,160.0,360.0,1.0,True,1,0,0
157,True,True,1.0,True,False,9538,0.0,187.0,360.0,1.0,True,0,0,1
158,True,False,0.0,True,False,2980,2083.0,120.0,360.0,1.0,True,1,0,0
159,True,True,0.0,True,False,4583,5625.0,255.0,360.0,1.0,True,0,1,0
160,True,True,0.0,False,False,1863,1041.0,98.0,360.0,1.0,True,0,1,0
161,True,True,0.0,True,False,7933,0.0,275.0,360.0,1.0,False,0,0,1
162,True,True,1.0,True,False,3089,1280.0,121.0,360.0,0.0,False,0,1,0
163,True,True,2.0,True,False,4167,1447.0,158.0,360.0,1.0,True,1,0,0
164,True,True,0.0,True,False,9323,0.0,75.0,180.0,1.0,True,0,0,1
165,True,True,0.0,True,False,3707,3166.0,182.0,360.0,1.0,True,1,0,0
166,False,True,0.0,True,False,4583,0.0,112.0,360.0,1.0,False,1,0,0
167,True,True,0.0,True,False,2439,3333.0,129.0,360.0,1.0,True,1,0,0
168,True,False,0.0,True,False,2237,0.0,63.0,480.0,0.0,False,0,1,0
169,True,True,2.0,True,False,8000,0.0,200.0,360.0,1.0,True,0,1,0
170,True,True,0.0,False,False,1820,1769.0,95.0,360.0,1.0,True,1,0,0
171,True,True,3.0,True,False,51763,0.0,700.0,300.0,1.0,True,0,0,1
172,True,True,3.0,False,False,3522,0.0,81.0,180.0,1.0,False,1,0,0
173,True,True,0.0,True,False,5708,5625.0,187.0,360.0,1.0,True,0,1,0
174,True,True,0.0,False,True,4344,736.0,87.0,360.0,1.0,False,0,1,0
175,True,True,0.0,True,False,3497,1964.0,116.0,360.0,1.0,True,1,0,0
176,True,True,2.0,True,False,2045,1619.0,101.0,360.0,1.0,True,1,0,0
177,True,True,3.0,True,False,5516,11300.0,495.0,360.0,0.0,False,0,1,0
178,True,True,1.0,True,False,3750,0.0,116.0,360.0,1.0,True,0,1,0
179,True,False,0.0,False,False,2333,1451.0,102.0,480.0,0.0,False,0,0,1
180,True,True,1.0,True,False,6400,7250.0,180.0,360.0,0.0,False,0,0,1
181,True,False,0.0,True,False,1916,5063.0,67.0,360.0,1.0,False,1,0,0
182,True,True,0.0,True,False,4600,0.0,73.0,180.0,1.0,True,0,1,0
183,True,True,1.0,True,False,33846,0.0,260.0,360.0,1.0,False,0,1,0
184,False,True,0.0,True,False,3625,0.0,108.0,360.0,1.0,True,0,1,0
185,True,True,0.0,True,True,39147,4750.0,120.0,360.0,1.0,True,0,1,0
186,True,True,1.0,True,True,2178,0.0,66.0,300.0,0.0,False,1,0,0
187,True,True,0.0,True,False,2383,2138.0,58.0,360.0,1.0,True,1,0,0
188,True,True,0.0,True,True,674,5296.0,168.0,360.0,1.0,True,1,0,0
189,True,True,0.0,True,False,9328,0.0,188.0,180.0,1.0,True,1,0,0
190,True,False,0.0,False,False,4885,0.0,48.0,360.0,1.0,True,1,0,0
191,True,False,0.0,True,False,12000,0.0,164.0,360.0,1.0,False,0,1,0
192,True,True,0.0,False,False,6033,0.0,160.0,360.0,1.0,False,0,0,1
193,True,False,0.0,True,False,3858,0.0,76.0,360.0,1.0,True,0,1,0
194,True,False,0.0,True,False,4191,0.0,120.0,360.0,1.0,True,1,0,0
195,True,True,1.0,True,False,3125,2583.0,170.0,360.0,1.0,False,0,1,0
196,True,False,0.0,True,False,8333,3750.0,187.0,360.0,1.0,True,1,0,0
197,False,False,0.0,False,False,1907,2365.0,120.0,360.0,1.0,True,0,0,1
198,False,True,0.0,True,False,3416,2816.0,113.0,360.0,1.0,True,0,1,0
199,True,False,0.0,True,True,11000,0.0,83.0,360.0,1.0,False,0,0,1
200,True,True,1.0,False,False,2600,2500.0,90.0,360.0,1.0,True,0,1,0
201,True,False,2.0,True,False,4923,0.0,166.0,360.0,0.0,True,0,1,0
202,True,True,3.0,False,False,3992,0.0,128.0,180.0,1.0,False,0,0,1
203,True,True,1.0,False,False,3500,1083.0,135.0,360.0,1.0,True,0,0,1
204,True,True,2.0,False,False,3917,0.0,124.0,360.0,1.0,True,0,1,0
205,False,False,0.0,False,False,4408,0.0,120.0,360.0,1.0,True,0,1,0
206,False,False,0.0,True,False,3244,0.0,80.0,360.0,1.0,True,0,0,1
207,True,False,0.0,False,False,3975,2531.0,55.0,360.0,1.0,True,1,0,0
208,True,False,0.0,True,False,2479,0.0,59.0,360.0,1.0,True,0,0,1
209,True,False,0.0,True,False,3418,0.0,127.0,360.0,1.0,False,0,1,0
210,False,False,0.0,True,False,10000,0.0,214.0,360.0,1.0,False,0,1,0
211,True,True,3.0,True,False,3430,1250.0,128.0,360.0,0.0,False,0,1,0
212,True,True,1.0,True,True,7787,0.0,240.0,360.0,1.0,True,0,0,1
213,True,True,3.0,False,True,5703,0.0,130.0,360.0,1.0,True,1,0,0
214,True,True,0.0,True,False,3173,3021.0,137.0,360.0,1.0,True,0,0,1
215,True,True,3.0,False,False,3850,983.0,100.0,360.0,1.0,True,0,1,0
216,True,True,0.0,True,False,150,1800.0,135.0,360.0,1.0,False,1,0,0
217,True,True,0.0,True,False,3727,1775.0,131.0,360.0,1.0,True,0,1,0
218,True,True,2.0,True,False,5000,0.0,72.0,360.0,0.0,False,0,1,0
219,False,True,2.0,True,False,4283,2383.0,127.0,360.0,1.0,True,0,1,0
220,True,True,0.0,True,False,2221,0.0,60.0,360.0,0.0,False,0,0,1
221,True,True,2.0,True,False,4009,1717.0,116.0,360.0,1.0,True,0,1,0
222,True,False,0.0,True,False,2971,2791.0,144.0,360.0,1.0,True,0,1,0
223,True,True,0.0,True,False,7578,1010.0,175.0,360.0,1.0,True,0,1,0
224,True,True,0.0,True,False,6250,0.0,128.0,360.0,1.0,True,0,1,0
225,True,True,0.0,True,False,3250,0.0,170.0,360.0,1.0,False,1,0,0
226,True,True,0.0,False,True,4735,0.0,138.0,360.0,1.0,False,0,0,1
227,True,True,2.0,True,False,6250,1695.0,210.0,360.0,1.0,True,0,1,0
228,True,True,0.0,True,False,4758,0.0,158.0,480.0,1.0,True,0,1,0
229,True,False,0.0,True,True,6400,0.0,200.0,360.0,1.0,True,1,0,0
230,True,True,1.0,True,False,2491,2054.0,104.0,360.0,1.0,True,0,1,0
231,True,True,0.0,True,False,3716,0.0,42.0,180.0,1.0,True,1,0,0
232,True,False,0.0,False,False,3189,2598.0,120.0,360.0,1.0,True,1,0,0
233,False,False,0.0,True,False,8333,0.0,280.0,360.0,1.0,True,0,1,0
234,True,True,1.0,True,False,3155,1779.0,140.0,360.0,1.0,True,0,1,0
235,True,True,1.0,True,False,5500,1260.0,170.0,360.0,1.0,True,1,0,0
236,True,True,0.0,True,False,5746,0.0,255.0,360.0,1.0,False,0,0,1
237,False,False,0.0,True,True,3463,0.0,122.0,360.0,1.0,True,0,0,1
238,False,False,1.0,True,False,3812,0.0,112.0,360.0,1.0,True,1,0,0
239,True,True,1.0,True,False,3315,0.0,96.0,360.0,1.0,True,0,1,0
240,True,True,2.0,True,False,5819,5000.0,120.0,360.0,1.0,True,1,0,0
241,True,True,1.0,False,False,2510,1983.0,140.0,180.0,1.0,False,0,0,1
242,True,False,0.0,True,False,2965,5701.0,155.0,60.0,1.0,True,0,0,1
243,True,True,2.0,True,True,6250,1300.0,108.0,360.0,1.0,True,1,0,0
244,True,True,0.0,False,False,3406,4417.0,123.0,360.0,1.0,True,0,1,0
245,True,False,0.0,True,True,6050,4333.0,120.0,180.0,1.0,False,0,0,1
246,True,True,2.0,True,False,9703,0.0,112.0,360.0,1.0,True,0,0,1
247,True,True,1.0,False,False,6608,0.0,137.0,180.0,1.0,True,0,0,1
248,True,True,1.0,True,False,2882,1843.0,123.0,480.0,1.0,True,0,1,0
249,True,True,0.0,True,False,1809,1868.0,90.0,360.0,1.0,True,0,0,1
250,True,True,0.0,False,False,1668,3890.0,201.0,360.0,0.0,False,0,1,0
251,False,False,2.0,True,False,3427,0.0,138.0,360.0,1.0,False,0,0,1
252,True,False,0.0,False,True,2583,2167.0,104.0,360.0,1.0,True,1,0,0
253,True,True,1.0,False,False,2661,7101.0,279.0,180.0,1.0,True,0,1,0
254,True,False,0.0,True,True,16250,0.0,192.0,360.0,0.0,False,0,0,1
255,False,False,3.0,True,False,3083,0.0,255.0,360.0,1.0,True,1,0,0
256,True,False,0.0,False,False,6045,0.0,115.0,360.0,0.0,False,1,0,0
257,True,True,3.0,True,False,5250,0.0,94.0,360.0,1.0,False,0,0,1
258,True,True,0.0,True,False,14683,2100.0,304.0,360.0,1.0,False,1,0,0
259,True,True,3.0,False,False,4931,0.0,128.0,360.0,1.0,False,0,1,0
260,True,True,1.0,True,False,6083,4250.0,330.0,360.0,1.0,True,0,0,1
261,True,False,0.0,True,False,2060,2209.0,134.0,360.0,1.0,True,0,1,0
262,False,False,1.0,True,False,3481,0.0,155.0,36.0,1.0,False,0,1,0
263,False,False,0.0,True,False,7200,0.0,120.0,360.0,1.0,True,1,0,0
264,True,False,0.0,True,True,5166,0.0,128.0,360.0,1.0,True,0,1,0
265,True,False,0.0,True,False,4095,3447.0,151.0,360.0,1.0,True,1,0,0
266,True,True,2.0,True,False,4708,1387.0,150.0,360.0,1.0,True,0,1,0
267,True,True,3.0,True,False,4333,1811.0,160.0,360.0,0.0,True,0,0,1
268,False,False,0.0,True,False,3418,0.0,135.0,360.0,1.0,False,1,0,0
269,False,False,1.0,True,False,2876,1560.0,90.0,360.0,1.0,True,0,0,1
270,False,False,0.0,True,False,3237,0.0,30.0,360.0,1.0,True,0,0,1
271,True,True,0.0,True,False,11146,0.0,136.0,360.0,1.0,True,0,0,1
272,True,False,0.0,True,False,2833,1857.0,126.0,360.0,1.0,True,1,0,0
273,True,True,0.0,True,False,2620,2223.0,150.0,360.0,1.0,True,0,1,0
274,True,True,2.0,True,False,3900,0.0,90.0,360.0,1.0,True,0,1,0
275,True,True,1.0,True,False,2750,1842.0,115.0,360.0,1.0,True,0,1,0
276,True,True,0.0,True,False,3993,3274.0,207.0,360.0,1.0,True,0,1,0
277,True,True,0.0,True,False,3103,1300.0,80.0,360.0,1.0,True,0,0,1
278,True,True,0.0,True,False,14583,0.0,436.0,360.0,1.0,True,0,1,0
279,False,True,0.0,False,False,4100,0.0,124.0,360.0,1.0,True,1,0,0
280,True,False,1.0,False,True,4053,2426.0,158.0,360.0,0.0,False,0,0,1
281,True,True,0.0,True,False,3927,800.0,112.0,360.0,1.0,True,0,1,0
282,True,True,2.0,True,False,2301,985.7999878,78.0,180.0,1.0,True,0,0,1
283,False,False,0.0,True,False,1811,1666.0,54.0,360.0,1.0,True,0,0,1
284,True,True,0.0,True,False,20667,0.0,128.0,360.0,1.0,False,1,0,0
285,True,False,0.0,True,False,3158,3053.0,89.0,360.0,1.0,True,1,0,0
286,False,False,0.0,True,True,2600,1717.0,99.0,300.0,1.0,False,0,1,0
287,True,True,0.0,True,False,3704,2000.0,120.0,360.0,1.0,True,1,0,0
288,False,False,0.0,True,False,4124,0.0,115.0,360.0,1.0,True,0,1,0
289,True,False,0.0,True,False,9508,0.0,187.0,360.0,1.0,True,1,0,0
290,True,True,0.0,True,False,3075,2416.0,139.0,360.0,1.0,True,1,0,0
291,True,True,2.0,True,False,4400,0.0,127.0,360.0,0.0,False,0,1,0
292,True,True,2.0,True,False,3153,1560.0,134.0,360.0,1.0,True,0,0,1
293,False,False,0.0,True,False,5417,0.0,143.0,480.0,0.0,False,0,0,1
294,True,True,0.0,True,False,2383,3334.0,172.0,360.0,1.0,True,0,1,0
295,True,True,3.0,True,False,4416,1250.0,110.0,360.0,1.0,True,0,0,1
296,True,True,1.0,True,False,6875,0.0,200.0,360.0,1.0,True,0,1,0
297,False,True,1.0,True,False,4666,0.0,135.0,360.0,1.0,True,0,0,1
298,False,False,0.0,True,False,5000,2541.0,151.0,480.0,1.0,False,1,0,0
299,True,True,1.0,True,False,2014,2925.0,113.0,360.0,1.0,False,0,0,1
300,True,True,0.0,False,False,1800,2934.0,93.0,360.0,0.0,False,0,0,1
301,True,True,0.0,False,False,2875,1750.0,105.0,360.0,1.0,True,0,1,0
302,False,False,0.0,True,False,5000,0.0,132.0,360.0,1.0,True,1,0,0
303,True,True,1.0,True,False,1625,1803.0,96.0,360.0,1.0,True,0,0,1
304,True,False,0.0,True,False,4000,2500.0,140.0,360.0,1.0,True,1,0,0
305,True,False,0.0,False,False,2000,0.0,128.0,360.0,1.0,False,0,0,1
306,False,False,0.0,True,False,3762,1666.0,135.0,360.0,1.0,True,1,0,0
307,False,False,0.0,True,False,2400,1863.0,104.0,360.0,0.0,False,0,0,1
308,True,False,0.0,True,False,20233,0.0,480.0,360.0,1.0,False,1,0,0
309,True,True,2.0,False,False,7667,0.0,185.0,360.0,1.0,True,1,0,0
310,False,False,0.0,True,False,2917,0.0,84.0,360.0,1.0,True,0,1,0
311,True,False,0.0,False,False,2927,2405.0,111.0,360.0,1.0,True,0,1,0
312,False,False,0.0,True,False,2507,0.0,56.0,360.0,1.0,True,1,0,0
313,True,True,2.0,True,True,5746,0.0,144.0,84.0,1.0,True,1,0,0
314,True,True,0.0,True,False,2473,1843.0,159.0,360.0,1.0,False,1,0,0
315,True,True,1.0,False,False,3399,1640.0,111.0,180.0,1.0,True,0,0,1
316,True,True,2.0,True,False,3717,0.0,120.0,360.0,1.0,True,0,1,0
317,True,True,0.0,True,False,2058,2134.0,88.0,360.0,1.0,True,0,0,1
318,False,False,1.0,True,False,3541,0.0,112.0,360.0,1.0,True,0,1,0
319,True,True,1.0,True,True,10000,0.0,155.0,360.0,1.0,False,1,0,0
320,True,True,0.0,True,False,2400,2167.0,115.0,360.0,1.0,True,0,1,0
321,True,True,3.0,True,False,4342,189.0,124.0,360.0,1.0,True,0,1,0
322,True,True,2.0,False,False,3601,1590.0,128.0,360.0,1.0,True,1,0,0
323,False,False,0.0,True,False,3166,2985.0,132.0,360.0,1.0,True,1,0,0
324,True,True,3.0,True,False,15000,0.0,300.0,360.0,1.0,True,1,0,0
325,True,True,1.0,True,True,8666,4983.0,376.0,360.0,0.0,False,1,0,0
326,True,False,0.0,True,False,4917,0.0,130.0,360.0,0.0,True,1,0,0
327,True,True,0.0,True,True,5818,2160.0,184.0,360.0,1.0,True,0,1,0
328,False,True,0.0,True,False,4333,2451.0,110.0,360.0,1.0,False,0,0,1
329,False,False,0.0,True,False,2500,0.0,67.0,360.0,1.0,True,0,0,1
330,True,False,1.0,True,False,4384,1793.0,117.0,360.0,1.0,True,0,0,1
331,True,False,0.0,True,False,2935,0.0,98.0,360.0,1.0,True,0,1,0
332,True,False,0.0,True,False,2833,0.0,71.0,360.0,1.0,True,0,0,1
333,True,True,0.0,True,False,63337,0.0,490.0,180.0,1.0,True,0,0,1
334,True,True,1.0,True,True,9833,1833.0,182.0,180.0,1.0,True,0,0,1
335,True,True,0.0,True,True,5503,4490.0,70.0,360.0,1.0,True,0,1,0
336,True,True,1.0,True,False,5250,688.0,160.0,360.0,1.0,True,1,0,0
337,True,True,2.0,True,True,2500,4600.0,176.0,360.0,1.0,True,1,0,0
338,False,False,3.0,False,False,1830,0.0,128.0,360.0,0.0,False,0,0,1
339,False,False,0.0,True,False,4160,0.0,71.0,360.0,1.0,True,0,1,0
340,True,True,3.0,False,False,2647,1587.0,173.0,360.0,1.0,False,1,0,0
341,False,False,0.0,True,False,2378,0.0,46.0,360.0,1.0,False,1,0,0
342,True,True,1.0,False,False,4554,1229.0,158.0,360.0,1.0,True,0,0,1
343,True,True,3.0,False,False,3173,0.0,74.0,360.0,1.0,True,0,1,0
344,True,True,2.0,True,False,2583,2330.0,125.0,360.0,1.0,True,1,0,0
345,True,True,0.0,True,False,2499,2458.0,160.0,360.0,1.0,True,0,1,0
346,True,True,0.0,False,False,3523,3230.0,152.0,360.0,0.0,False,1,0,0
347,True,True,2.0,False,False,3083,2168.0,126.0,360.0,1.0,True,0,0,1
348,True,True,0.0,True,False,6333,4583.0,259.0,360.0,1.0,True,0,1,0
349,True,True,0.0,True,False,2625,6250.0,187.0,360.0,1.0,True,1,0,0
350,True,True,0.0,True,False,9083,0.0,228.0,360.0,1.0,True,0,1,0
351,True,False,0.0,True,False,8750,4167.0,308.0,360.0,1.0,False,1,0,0
352,True,True,3.0,True,False,2666,2083.0,95.0,360.0,1.0,True,1,0,0
353,False,True,0.0,True,True,5500,0.0,105.0,360.0,0.0,False,1,0,0
354,False,True,0.0,True,False,2423,505.0,130.0,360.0,1.0,True,0,1,0
355,False,False,0.0,True,False,3813,0.0,116.0,180.0,1.0,True,0,0,1
356,True,True,2.0,True,False,8333,3167.0,165.0,360.0,1.0,True,1,0,0
357,True,True,1.0,True,False,3875,0.0,67.0,360.0,1.0,False,0,0,1
358,True,True,0.0,False,False,3000,1666.0,100.0,480.0,0.0,False,0,0,1
359,True,True,3.0,True,False,5167,3167.0,200.0,360.0,1.0,True,0,1,0
360,False,False,1.0,True,False,4723,0.0,81.0,360.0,1.0,False,0,1,0
361,True,True,2.0,True,False,5000,3667.0,236.0,360.0,1.0,True,0,1,0
362,True,True,0.0,True,False,4750,2333.0,130.0,360.0,1.0,True,0,0,1
363,True,True,0.0,True,False,3013,3033.0,95.0,300.0,1.0,True,0,0,1
364,True,False,0.0,True,True,6822,0.0,141.0,360.0,1.0,True,1,0,0
365,True,False,0.0,False,False,6216,0.0,133.0,360.0,1.0,False,1,0,0
366,True,False,0.0,True,False,2500,0.0,96.0,480.0,1.0,False,0,1,0
367,True,False,0.0,True,False,5124,0.0,124.0,360.0,0.0,False,1,0,0
368,True,True,1.0,True,False,6325,0.0,175.0,360.0,1.0,True,0,1,0
369,True,True,0.0,True,False,19730,5266.0,570.0,360.0,1.0,False,1,0,0
370,False,False,0.0,True,True,15759,0.0,55.0,360.0,1.0,True,0,1,0
371,True,True,2.0,True,False,5185,0.0,155.0,360.0,1.0,True,0,1,0
372,True,True,2.0,True,True,9323,7873.0,380.0,300.0,1.0,True,1,0,0
373,True,False,1.0,True,False,3062,1987.0,111.0,180.0,0.0,False,0,0,1
374,False,False,0.0,True,False,2764,1459.0,110.0,360.0,1.0,True,0,0,1
375,True,True,0.0,True,False,4817,923.0,120.0,180.0,1.0,True,0,0,1
376,True,True,3.0,True,False,8750,4996.0,130.0,360.0,1.0,True,1,0,0
377,True,True,0.0,True,False,4310,0.0,130.0,360.0,1.0,True,0,1,0
378,True,False,0.0,True,False,3069,0.0,71.0,480.0,1.0,False,0,0,1
379,True,True,2.0,True,False,5391,0.0,130.0,360.0,1.0,True,0,0,1
380,True,True,0.0,True,False,3333,2500.0,128.0,360.0,1.0,True,0,1,0
381,True,False,0.0,True,False,5941,4232.0,296.0,360.0,1.0,True,0,1,0
382,False,False,0.0,True,False,6000,0.0,156.0,360.0,1.0,True,0,0,1
383,True,False,0.0,True,True,7167,0.0,128.0,360.0,1.0,True,0,0,1
384,True,True,2.0,True,False,4566,0.0,100.0,360.0,1.0,False,0,0,1
385,True,False,1.0,True,False,3667,0.0,113.0,180.0,1.0,True,0,0,1
386,True,False,0.0,False,False,2346,1600.0,132.0,360.0,1.0,True,0,1,0
387,True,True,0.0,False,False,3010,3136.0,128.0,360.0,0.0,False,0,0,1
388,True,True,0.0,True,False,2333,2417.0,136.0,360.0,1.0,True,0,0,1
389,True,True,0.0,True,False,5488,0.0,125.0,360.0,1.0,True,1,0,0
390,True,False,3.0,True,False,9167,0.0,185.0,360.0,1.0,True,1,0,0
391,True,True,3.0,True,False,9504,0.0,275.0,360.0,1.0,True,1,0,0
392,True,True,0.0,True,False,2583,2115.0,120.0,360.0,1.0,True,0,0,1
393,True,True,2.0,False,False,1993,1625.0,113.0,180.0,1.0,True,0,1,0
394,True,True,2.0,True,False,3100,1400.0,113.0,360.0,1.0,True,0,0,1
395,True,True,2.0,True,False,3276,484.0,135.0,360.0,1.0,True,0,1,0
396,False,False,0.0,True,False,3180,0.0,71.0,360.0,0.0,False,0,0,1
397,True,True,0.0,True,False,3033,1459.0,95.0,360.0,1.0,True,0,0,1
398,True,False,0.0,False,False,3902,1666.0,109.0,360.0,1.0,True,1,0,0
399,False,False,0.0,True,False,1500,1800.0,103.0,360.0,0.0,False,0,1,0
400,True,True,2.0,False,False,2889,0.0,45.0,180.0,0.0,False,0,0,1
401,True,False,0.0,False,False,2755,0.0,65.0,300.0,1.0,False,1,0,0
402,True,False,0.0,True,False,2500,20000.0,103.0,360.0,1.0,True,0,1,0
403,False,False,0.0,False,False,1963,0.0,53.0,360.0,1.0,True,0,1,0
404,False,False,0.0,True,True,7441,0.0,194.0,360.0,1.0,False,1,0,0
405,False,False,0.0,True,False,4547,0.0,115.0,360.0,1.0,True,0,1,0
406,True,True,0.0,False,False,2167,2400.0,115.0,360.0,1.0,True,0,0,1
407,False,False,0.0,False,False,2213,0.0,66.0,360.0,1.0,True,1,0,0
408,True,True,1.0,True,False,8300,0.0,152.0,300.0,0.0,False,0,1,0
409,True,True,3.0,True,False,81000,0.0,360.0,360.0,0.0,False,1,0,0
410,False,False,1.0,False,True,3867,0.0,62.0,360.0,1.0,False,0,1,0
411,True,True,0.0,True,False,6256,0.0,160.0,360.0,1.0,True,0,0,1
412,True,True,0.0,False,False,6096,0.0,218.0,360.0,0.0,False,1,0,0
413,True,True,0.0,False,False,2253,2033.0,110.0,360.0,1.0,True,1,0,0
414,False,True,0.0,False,False,2149,3237.0,178.0,360.0,0.0,False,0,1,0
415,False,False,0.0,True,False,2995,0.0,60.0,360.0,1.0,True,0,0,1
416,False,False,1.0,True,False,2600,0.0,160.0,360.0,1.0,False,0,0,1
417,True,True,2.0,True,True,1600,20000.0,239.0,360.0,1.0,False,0,0,1
418,True,True,0.0,True,False,1025,2773.0,112.0,360.0,1.0,True,1,0,0
419,True,True,0.0,True,False,3246,1417.0,138.0,360.0,1.0,True,0,1,0
420,True,True,0.0,True,False,5829,0.0,138.0,360.0,1.0,True,1,0,0
421,False,False,0.0,False,False,2720,0.0,80.0,360.0,0.0,False,0,0,1
422,True,True,0.0,True,False,1820,1719.0,100.0,360.0,1.0,True,0,0,1
423,True,True,1.0,True,False,7250,1667.0,110.0,360.0,0.0,False,0,0,1
424,True,True,0.0,True,False,14880,0.0,96.0,360.0,1.0,True,0,1,0
425,True,True,0.0,True,False,2666,4300.0,121.0,360.0,1.0,True,1,0,0
426,False,False,1.0,False,False,4606,0.0,81.0,360.0,1.0,False,1,0,0
427,True,True,2.0,True,False,5935,0.0,133.0,360.0,1.0,True,0,1,0
428,True,True,0.0,True,False,2920,16.12000084,87.0,360.0,1.0,True,1,0,0
429,True,False,0.0,False,False,2717,0.0,60.0,180.0,1.0,True,0,0,1
430,False,False,1.0,True,True,8624,0.0,150.0,360.0,1.0,True,0,1,0
431,True,False,0.0,True,False,6500,0.0,105.0,360.0,0.0,False,1,0,0
432,True,False,0.0,True,False,12876,0.0,405.0,360.0,1.0,True,0,1,0
433,True,True,0.0,True,False,2425,2340.0,143.0,360.0,1.0,True,0,1,0
434,True,False,0.0,True,False,3750,0.0,100.0,360.0,1.0,True,0,0,1
435,False,True,0.0,True,False,10047,0.0,128.0,240.0,1.0,True,0,1,0
436,True,False,0.0,True,False,1926,1851.0,50.0,360.0,1.0,True,0,1,0
437,True,True,0.0,True,False,2213,1125.0,128.0,360.0,1.0,True,0,0,1
438,True,False,0.0,True,True,10416,0.0,187.0,360.0,0.0,False,0,0,1
439,False,True,0.0,False,True,7142,0.0,138.0,360.0,1.0,True,1,0,0
440,True,False,0.0,True,False,3660,5064.0,187.0,360.0,1.0,True,0,1,0
441,True,True,0.0,True,False,7901,1833.0,180.0,360.0,1.0,True,1,0,0
442,True,False,3.0,False,False,4707,1993.0,148.0,360.0,1.0,True,0,1,0
443,True,False,1.0,True,False,37719,0.0,152.0,360.0,1.0,True,0,1,0
444,True,True,0.0,True,False,7333,8333.0,175.0,300.0,1.0,True,1,0,0
445,True,True,1.0,True,True,3466,1210.0,130.0,360.0,1.0,True,1,0,0
446,True,True,2.0,False,False,4652,0.0,110.0,360.0,1.0,True,1,0,0
447,True,True,0.0,True,False,3539,1376.0,55.0,360.0,1.0,False,1,0,0
448,True,True,2.0,True,False,3340,1710.0,150.0,360.0,0.0,False,1,0,0
449,True,False,1.0,False,True,2769,1542.0,190.0,360.0,1.0,False,0,1,0
450,True,True,2.0,False,False,2309,1255.0,125.0,360.0,0.0,False,1,0,0
451,True,True,2.0,False,False,1958,1456.0,60.0,300.0,1.0,True,0,0,1
452,True,True,0.0,True,False,3948,1733.0,149.0,360.0,0.0,False,1,0,0
453,True,True,0.0,True,False,2483,2466.0,90.0,180.0,0.0,True,1,0,0
454,True,False,0.0,True,True,7085,0.0,84.0,360.0,1.0,True,0,1,0
455,True,True,2.0,True,False,3859,0.0,96.0,360.0,1.0,True,0,1,0
456,True,True,0.0,True,False,4301,0.0,118.0,360.0,1.0,True,0,0,1
457,True,True,0.0,True,False,3708,2569.0,173.0,360.0,1.0,False,0,0,1
458,True,False,2.0,True,False,4354,0.0,136.0,360.0,1.0,True,1,0,0
459,True,True,0.0,True,False,8334,0.0,160.0,360.0,1.0,False,0,1,0
460,True,True,0.0,True,True,2083,4083.0,160.0,360.0,1.0,True,0,1,0
461,True,True,3.0,True,False,7740,0.0,128.0,180.0,1.0,True,0,0,1
462,True,True,0.0,True,False,3015,2188.0,153.0,360.0,1.0,True,1,0,0
463,False,False,1.0,False,False,5191,0.0,132.0,360.0,1.0,True,0,1,0
464,True,False,0.0,True,False,4166,0.0,98.0,360.0,0.0,False,0,1,0
465,True,False,0.0,True,False,6000,0.0,140.0,360.0,1.0,True,1,0,0
466,True,True,3.0,False,False,2947,1664.0,70.0,180.0,0.0,False,0,0,1
467,True,True,0.0,True,False,16692,0.0,110.0,360.0,1.0,True,0,1,0
468,False,True,2.0,False,False,210,2917.0,98.0,360.0,1.0,True,0,1,0
469,True,True,0.0,True,False,4333,2451.0,110.0,360.0,1.0,False,0,0,1
470,True,True,1.0,True,True,3450,2079.0,162.0,360.0,1.0,True,0,1,0
471,True,True,1.0,False,False,2653,1500.0,113.0,180.0,0.0,False,1,0,0
472,True,True,3.0,True,False,4691,0.0,100.0,360.0,1.0,True,0,1,0
473,False,False,0.0,True,True,2500,0.0,93.0,360.0,1.0,True,0,0,1
474,True,False,2.0,True,False,5532,4648.0,162.0,360.0,1.0,True,1,0,0
475,True,True,2.0,True,True,16525,1014.0,150.0,360.0,1.0,True,1,0,0
476,True,True,2.0,True,False,6700,1750.0,230.0,300.0,1.0,True,0,1,0
477,True,True,2.0,True,False,2873,1872.0,132.0,360.0,0.0,False,0,1,0
478,True,True,1.0,True,True,16667,2250.0,86.0,360.0,1.0,True,0,1,0
479,True,True,2.0,True,False,2947,1603.0,128.0,360.0,1.0,False,0,0,1
480,False,False,0.0,False,False,4350,0.0,154.0,360.0,1.0,True,1,0,0
481,True,True,3.0,False,False,3095,0.0,113.0,360.0,1.0,True,1,0,0
482,True,True,0.0,True,False,2083,3150.0,128.0,360.0,1.0,True,0,1,0
483,True,True,0.0,True,False,10833,0.0,234.0,360.0,1.0,True,0,1,0
484,True,True,2.0,True,False,8333,0.0,246.0,360.0,1.0,True,0,1,0
485,True,True,1.0,False,False,1958,2436.0,131.0,360.0,1.0,True,1,0,0
486,True,False,2.0,True,False,3547,0.0,80.0,360.0,0.0,False,1,0,0
487,True,True,1.0,True,False,18333,0.0,500.0,360.0,1.0,False,0,0,1
488,True,True,2.0,True,True,4583,2083.0,160.0,360.0,1.0,True,0,1,0
489,True,False,0.0,True,False,2435,0.0,75.0,360.0,1.0,False,0,0,1
490,True,False,0.0,False,False,2699,2785.0,96.0,360.0,1.0,True,0,1,0
491,True,True,1.0,False,False,5333,1131.0,186.0,360.0,1.0,True,0,0,1
492,True,False,0.0,False,False,3691,0.0,110.0,360.0,1.0,True,1,0,0
493,False,False,0.0,False,True,17263,0.0,225.0,360.0,1.0,True,0,1,0
494,True,True,0.0,True,False,3597,2157.0,119.0,360.0,0.0,False,1,0,0
495,False,True,1.0,True,False,3326,913.0,105.0,84.0,1.0,True,0,1,0
496,True,True,0.0,False,False,2600,1700.0,107.0,360.0,1.0,True,1,0,0
497,True,True,0.0,True,False,4625,2857.0,111.0,12.0,1.0,True,0,0,1
498,True,True,1.0,True,True,2895,0.0,95.0,360.0,1.0,True,0,1,0
499,True,False,0.0,True,False,6283,4416.0,209.0,360.0,0.0,False,1,0,0
500,False,False,0.0,True,False,645,3683.0,113.0,480.0,1.0,True,1,0,0
501,False,False,0.0,True,False,3159,0.0,100.0,360.0,1.0,True,0,1,0
502,True,True,2.0,True,False,4865,5624.0,208.0,360.0,1.0,True,0,1,0
503,True,True,1.0,False,False,4050,5302.0,138.0,360.0,1.0,False,1,0,0
504,True,True,0.0,False,False,3814,1483.0,124.0,300.0,1.0,True,0,1,0
505,True,True,2.0,True,False,3510,4416.0,243.0,360.0,1.0,True,1,0,0
506,True,True,0.0,True,False,20833,6667.0,480.0,360.0,1.0,True,0,0,1
507,True,False,0.0,True,False,3583,0.0,96.0,360.0,1.0,False,0,0,1
508,True,True,0.0,True,True,2479,3013.0,188.0,360.0,1.0,True,0,0,1
509,False,False,1.0,True,False,13262,0.0,40.0,360.0,1.0,True,0,0,1
510,True,False,0.0,False,False,3598,1287.0,100.0,360.0,1.0,False,1,0,0
511,True,True,1.0,True,False,6065,2004.0,250.0,360.0,1.0,True,0,1,0
512,True,True,2.0,True,False,3283,2035.0,148.0,360.0,1.0,True,0,0,1
513,True,True,0.0,True,False,2130,6666.0,70.0,180.0,1.0,False,0,1,0
514,True,False,0.0,True,False,5815,3666.0,311.0,360.0,1.0,False,1,0,0
515,True,True,3.0,True,False,3466,3428.0,150.0,360.0,1.0,True,1,0,0
516,False,True,2.0,True,False,2031,1632.0,113.0,480.0,1.0,True,0,1,0
517,True,True,0.0,False,False,3074,1800.0,123.0,360.0,0.0,False,0,1,0
518,True,False,0.0,True,False,4683,1915.0,185.0,360.0,1.0,False,0,1,0
519,False,False,0.0,False,False,3400,0.0,95.0,360.0,1.0,False,1,0,0
520,True,True,2.0,False,False,2192,1742.0,45.0,360.0,1.0,True,0,1,0
521,True,False,0.0,True,False,2500,0.0,55.0,360.0,1.0,True,0,1,0
522,True,True,3.0,True,True,5677,1424.0,100.0,360.0,1.0,True,1,0,0
523,True,True,2.0,True,True,7948,7166.0,480.0,360.0,1.0,True,1,0,0
524,True,False,0.0,True,False,4680,2087.0,128.0,360.0,1.0,False,0,1,0
525,True,True,2.0,True,True,17500,0.0,400.0,360.0,1.0,True,1,0,0
526,True,True,0.0,True,False,3775,0.0,110.0,360.0,1.0,True,0,1,0
527,True,True,1.0,False,False,5285,1430.0,161.0,360.0,0.0,True,0,1,0
528,True,False,1.0,False,False,2679,1302.0,94.0,360.0,1.0,True,0,1,0
529,True,False,0.0,False,False,6783,0.0,130.0,360.0,1.0,True,0,1,0
530,True,True,0.0,True,False,1025,5500.0,216.0,360.0,1.0,True,1,0,0
531,True,True,3.0,True,False,4281,0.0,100.0,360.0,1.0,True,0,0,1
532,True,False,2.0,True,False,3588,0.0,110.0,360.0,0.0,False,1,0,0
533,True,False,1.0,True,False,11250,0.0,196.0,360.0,1.0,False,0,1,0
534,False,False,0.0,False,True,18165,0.0,125.0,360.0,1.0,True,0,0,1
535,True,False,0.0,False,False,2550,2042.0,126.0,360.0,1.0,True,1,0,0
536,True,True,0.0,True,False,6133,3906.0,324.0,360.0,1.0,True,0,0,1
537,True,False,2.0,True,False,3617,0.0,107.0,360.0,1.0,True,0,1,0
538,True,True,0.0,False,False,2917,536.0,66.0,360.0,1.0,False,1,0,0
539,True,True,3.0,True,False,6417,0.0,157.0,180.0,1.0,True,1,0,0
540,False,True,1.0,True,False,4608,2845.0,140.0,180.0,1.0,True,0,1,0
541,False,False,0.0,True,False,2138,0.0,99.0,360.0,0.0,False,0,1,0
542,False,False,1.0,True,False,3652,0.0,95.0,360.0,1.0,True,0,1,0
543,True,True,1.0,False,False,2239,2524.0,128.0,360.0,1.0,True,0,0,1
544,False,True,0.0,False,False,3017,663.0,102.0,360.0,1.0,True,0,1,0
545,True,True,0.0,True,False,2768,1950.0,155.0,360.0,1.0,True,1,0,0
546,True,False,0.0,False,False,3358,0.0,80.0,36.0,1.0,False,0,1,0
547,True,False,0.0,True,False,2526,1783.0,145.0,360.0,1.0,True,1,0,0
548,False,False,0.0,True,False,5000,0.0,103.0,360.0,0.0,False,0,1,0
549,True,True,0.0,True,False,2785,2016.0,110.0,360.0,1.0,True,1,0,0
550,True,True,2.0,True,True,6633,0.0,128.0,360.0,0.0,False,1,0,0
551,True,True,1.0,False,False,2492,2375.0,128.0,360.0,1.0,True,1,0,0
552,True,True,1.0,True,False,3333,3250.0,158.0,360.0,1.0,True,0,0,1
553,True,True,0.0,False,False,2454,2333.0,181.0,360.0,0.0,False,0,0,1
554,True,True,0.0,True,False,3593,4266.0,132.0,180.0,0.0,False,1,0,0
555,True,True,1.0,True,False,5468,1032.0,26.0,360.0,1.0,True,0,1,0
556,False,False,0.0,True,False,2667,1625.0,84.0,360.0,1.0,True,0,0,1
557,True,True,3.0,True,True,10139,0.0,260.0,360.0,1.0,True,0,1,0
558,True,True,0.0,True,False,3887,2669.0,162.0,360.0,1.0,True,0,1,0
559,False,True,0.0,True,False,4180,2306.0,182.0,360.0,1.0,True,0,1,0
560,True,True,2.0,False,False,3675,242.0,108.0,360.0,1.0,True,0,1,0
561,False,True,1.0,True,True,19484,0.0,600.0,360.0,1.0,True,0,1,0
562,True,True,0.0,True,False,5923,2054.0,211.0,360.0,1.0,True,1,0,0
563,True,False,0.0,False,True,5800,0.0,132.0,360.0,1.0,True,0,1,0
564,True,True,2.0,True,False,8799,0.0,258.0,360.0,0.0,False,0,0,1
565,True,True,0.0,False,False,4467,0.0,120.0,360.0,1.0,True,1,0,0
566,True,False,0.0,True,False,3333,0.0,70.0,360.0,1.0,True,0,0,1
567,True,True,3.0,True,False,3400,2500.0,123.0,360.0,0.0,False,1,0,0
568,False,False,0.0,True,False,2378,0.0,9.0,360.0,1.0,False,0,0,1
569,True,True,0.0,True,False,3166,2064.0,104.0,360.0,0.0,False,0,0,1
570,True,True,1.0,True,False,3417,1750.0,186.0,360.0,1.0,True,0,0,1
571,True,True,0.0,True,False,5116,1451.0,165.0,360.0,0.0,False,0,0,1
572,True,True,2.0,True,False,16666,0.0,275.0,360.0,1.0,True,0,0,1
573,True,True,2.0,False,False,6125,1625.0,187.0,480.0,1.0,False,0,1,0
574,True,True,3.0,True,False,6406,0.0,150.0,360.0,1.0,False,0,1,0
575,True,True,2.0,True,False,3159,461.0,108.0,84.0,1.0,True,0,0,1
576,True,True,0.0,True,False,3087,2210.0,136.0,360.0,0.0,False,0,1,0
577,True,False,0.0,True,False,3229,2739.0,110.0,360.0,1.0,True,0,0,1
578,True,True,1.0,True,False,1782,2232.0,107.0,360.0,1.0,True,1,0,0
579,True,False,0.0,True,False,3182,2917.0,161.0,360.0,1.0,True,0,0,1
580,True,True,2.0,True,False,6540,0.0,205.0,360.0,1.0,True,0,1,0
581,True,False,0.0,True,False,1836,33837.0,90.0,360.0,1.0,False,0,0,1
582,False,True,0.0,True,False,3166,0.0,36.0,360.0,1.0,True,0,1,0
583,True,True,1.0,True,False,1880,0.0,61.0,360.0,1.0,False,1,0,0
584,True,True,1.0,True,False,2787,1917.0,146.0,360.0,0.0,False,1,0,0
585,True,True,1.0,True,False,4283,3000.0,172.0,84.0,1.0,False,1,0,0
586,True,True,0.0,True,False,2297,1522.0,104.0,360.0,1.0,True,0,0,1
587,False,False,0.0,False,False,2165,0.0,70.0,360.0,1.0,True,0,1,0
588,True,False,0.0,True,False,4750,0.0,94.0,360.0,1.0,True,0,1,0
589,True,True,2.0,True,True,2726,0.0,106.0,360.0,0.0,False,0,1,0
590,True,True,0.0,True,False,3000,3416.0,56.0,180.0,1.0,True,0,1,0
591,True,True,2.0,True,True,6000,0.0,205.0,240.0,1.0,False,0,1,0
592,True,False,3.0,True,True,9357,0.0,292.0,360.0,1.0,True,0,1,0
593,True,True,0.0,True,False,3859,3300.0,142.0,180.0,1.0,True,1,0,0
594,True,True,0.0,True,True,16120,0.0,260.0,360.0,1.0,True,0,0,1
595,True,False,0.0,False,False,3833,0.0,110.0,360.0,1.0,True,1,0,0
596,True,True,2.0,False,True,6383,1000.0,187.0,360.0,1.0,False,1,0,0
597,True,False,0.0,True,False,2987,0.0,88.0,360.0,0.0,False,0,1,0
598,True,True,0.0,True,True,9963,0.0,180.0,360.0,1.0,True,1,0,0
599,True,True,2.0,True,False,5780,0.0,192.0,360.0,1.0,True,0,0,1
600,False,False,3.0,True,False,416,41667.0,350.0,180.0,1.0,False,0,0,1
601,True,True,0.0,False,False,2894,2792.0,155.0,360.0,1.0,True,1,0,0
602,True,True,3.0,True,False,5703,0.0,128.0,360.0,1.0,True,0,0,1
603,True,False,0.0,True,False,3676,4301.0,172.0,360.0,1.0,True,1,0,0
604,False,True,1.0,True,False,12000,0.0,496.0,360.0,1.0,True,0,1,0
605,True,True,0.0,False,False,2400,3800.0,128.0,180.0,1.0,False,0,0,1
606,True,True,1.0,True,False,3400,2500.0,173.0,360.0,1.0,True,0,1,0
607,True,True,2.0,False,False,3987,1411.0,157.0,360.0,1.0,True,1,0,0
608,True,True,0.0,True,False,3232,1950.0,108.0,360.0,1.0,True,1,0,0
609,False,False,0.0,True,False,2900,0.0,71.0,360.0,1.0,True,1,0,0
610,True,True,3.0,True,False,4106,0.0,40.0,180.0,1.0,True,1,0,0
611,True,True,1.0,True,False,8072,240.0,253.0,360.0,1.0,True,0,0,1
612,True,True,2.0,True,False,7583,0.0,187.0,360.0,1.0,True,0,0,1
613,False,False,0.0,True,True,4583,0.0,133.0,360.0,0.0,False,0,1,0
614,True,False,0.0,True,False,5849,0.0,128.0,360.0,1.0,True,0,0,1
615,True,True,1.0,True,False,4583,1508.0,128.0,360.0,1.0,False,1,0,0
616,True,True,0.0,True,True,3000,0.0,66.0,360.0,1.0,True,0,0,1
617,True,True,0.0,False,False,2583,2358.0,120.0,360.0,1.0,True,0,0,1
618,True,False,0.0,True,False,6000,0.0,141.0,360.0,1.0,True,0,0,1
619,True,True,2.0,True,True,5417,4196.0,267.0,360.0,1.0,True,0,0,1
620,True,True,0.0,False,False,2333,1516.0,95.0,360.0,1.0,True,0,0,1
621,True,True,3.0,True,False,3036,2504.0,158.0,360.0,0.0,False,0,1,0
622,True,True,2.0,True,False,4006,1526.0,168.0,360.0,1.0,True,0,0,1
623,True,True,1.0,True,False,12841,10968.0,349.0,360.0,1.0,False,0,1,0
624,True,True,2.0,True,False,3200,700.0,70.0,360.0,1.0,True,0,0,1
625,True,True,2.0,True,False,2500,1840.0,109.0,360.0,1.0,True,0,0,1
626,True,True,2.0,True,False,3073,8106.0,200.0,360.0,1.0,True,0,0,1
627,True,False,0.0,True,False,1853,2840.0,114.0,360.0,1.0,False,1,0,0
628,True,True,2.0,True,False,1299,1086.0,17.0,120.0,1.0,True,0,0,1
629,True,False,0.0,True,False,4950,0.0,125.0,360.0,1.0,True,0,0,1
630,True,False,1.0,False,False,3596,0.0,100.0,240.0,1.0,True,0,0,1
631,False,False,0.0,True,False,3510,0.0,76.0,360.0,0.0,False,0,0,1
632,True,True,0.0,False,False,4887,0.0,133.0,360.0,1.0,False,1,0,0
633,True,True,0.0,True,False,2600,3500.0,115.0,360.0,1.0,True,0,0,1
634,True,True,0.0,False,False,7660,0.0,104.0,360.0,0.0,False,0,0,1
635,True,True,1.0,True,False,5955,5625.0,315.0,360.0,1.0,True,0,0,1
636,True,True,0.0,False,False,2600,1911.0,116.0,360.0,0.0,False,0,1,0
637,True,True,2.0,False,False,3365,1917.0,112.0,360.0,0.0,False,1,0,0
638,True,True,1.0,True,False,3717,2925.0,151.0,360.0,1.0,False,0,1,0
639,True,True,0.0,True,True,9560,0.0,191.0,360.0,1.0,True,0,1,0
640,True,True,0.0,True,False,2799,2253.0,122.0,360.0,1.0,True,0,1,0
641,True,True,2.0,False,False,4226,1040.0,110.0,360.0,1.0,True,0,0,1
642,True,False,0.0,False,False,1442,0.0,35.0,360.0,1.0,False,0,0,1
643,False,False,2.0,True,False,3750,2083.0,120.0,360.0,1.0,True,0,1,0
644,True,True,1.0,True,False,4166,3369.0,201.0,360.0,1.0,False,0,0,1
645,True,False,0.0,True,False,3167,0.0,74.0,360.0,1.0,False,0,0,1
646,True,False,1.0,True,True,4692,0.0,106.0,360.0,1.0,False,1,0,0
647,True,True,0.0,True,False,3500,1667.0,114.0,360.0,1.0,True,0,1,0
648,True,False,3.0,True,False,12500,3000.0,320.0,360.0,1.0,False,1,0,0
649,True,True,0.0,True,False,2275,2067.0,128.0,360.0,1.0,True,0,0,1
650,True,True,0.0,True,False,1828,1330.0,100.0,360.0,0.0,False,0,0,1
651,False,True,0.0,True,False,3667,1459.0,144.0,360.0,1.0,True,0,1,0
652,True,False,0.0,True,False,4166,7210.0,184.0,360.0,1.0,True,0,0,1
653,True,False,0.0,False,False,3748,1668.0,110.0,360.0,1.0,True,0,1,0
654,True,False,0.0,True,False,3600,0.0,80.0,360.0,1.0,False,0,0,1
655,True,False,0.0,True,False,1800,1213.0,47.0,360.0,1.0,True,0,0,1
656,True,True,0.0,True,False,2400,0.0,75.0,360.0,1.0,True,0,0,1
657,True,True,0.0,True,False,3941,2336.0,134.0,360.0,1.0,True,0,1,0
658,True,True,0.0,False,True,4695,0.0,96.0,360.0,1.0,True,0,0,1
659,False,False,0.0,True,False,3410,0.0,88.0,360.0,1.0,True,0,0,1
660,True,True,1.0,True,False,5649,0.0,44.0,360.0,1.0,True,0,0,1
661,True,True,0.0,True,False,5821,0.0,144.0,360.0,1.0,True,0,0,1
662,False,True,0.0,True,False,2645,3440.0,120.0,360.0,0.0,False,0,0,1
663,False,False,0.0,True,False,4000,2275.0,144.0,360.0,1.0,True,0,1,0
664,False,True,0.0,False,False,1928,1644.0,100.0,360.0,1.0,True,0,1,0
665,False,False,0.0,True,False,3086,0.0,120.0,360.0,1.0,True,0,1,0
666,False,False,0.0,True,False,4230,0.0,112.0,360.0,1.0,False,0,1,0
667,True,True,2.0,True,False,4616,0.0,134.0,360.0,1.0,False,0,0,1
668,False,True,1.0,True,True,11500,0.0,286.0,360.0,0.0,False,0,0,1
669,True,True,2.0,True,False,2708,1167.0,97.0,360.0,1.0,True,0,1,0
670,True,True,0.0,True,False,2132,1591.0,96.0,360.0,1.0,True,0,1,0
671,True,True,0.0,True,False,3366,2200.0,135.0,360.0,1.0,False,1,0,0
672,True,True,1.0,True,False,8080,2250.0,180.0,360.0,1.0,True,0,0,1
673,True,True,2.0,False,False,3357,2859.0,144.0,360.0,1.0,True,0,0,1
674,True,True,0.0,True,False,2500,3796.0,120.0,360.0,1.0,True,0,0,1
675,True,True,3.0,True,False,3029,0.0,99.0,360.0,1.0,True,0,0,1
676,True,True,0.0,False,True,2609,3449.0,165.0,180.0,0.0,False,1,0,0
677,True,True,1.0,True,False,4945,0.0,128.0,360.0,0.0,False,1,0,0
678,False,False,0.0,True,False,4166,0.0,116.0,360.0,0.0,False,0,1,0
679,True,True,0.0,True,False,5726,4595.0,258.0,360.0,1.0,False,0,1,0
680,True,False,0.0,False,False,3200,2254.0,126.0,180.0,0.0,False,0,0,1
681,True,True,1.0,True,False,10750,0.0,312.0,360.0,1.0,True,0,0,1
682,True,True,3.0,False,True,7100,0.0,125.0,60.0,1.0,True,0,0,1
683,False,False,0.0,True,False,4300,0.0,136.0,360.0,0.0,False,0,1,0
684,True,True,0.0,True,False,3208,3066.0,172.0,360.0,1.0,True,0,0,1
685,True,True,2.0,False,True,1875,1875.0,97.0,360.0,1.0,True,0,1,0
686,True,False,0.0,True,False,3500,0.0,81.0,300.0,1.0,True,0,1,0
687,True,True,3.0,False,False,4755,0.0,95.0,360.0,0.0,False,0,1,0
688,True,True,3.0,True,True,5266,1774.0,187.0,360.0,1.0,True,0,1,0
689,True,False,0.0,True,False,3750,0.0,113.0,480.0,1.0,False,0,0,1
690,True,False,0.0,True,False,3750,4750.0,176.0,360.0,1.0,False,0,0,1
691,True,True,1.0,True,True,1000,3022.0,110.0,360.0,1.0,False,0,0,1
692,True,True,3.0,True,False,3167,4000.0,180.0,300.0,0.0,False,0,1,0
693,True,True,3.0,False,True,3333,2166.0,130.0,360.0,1.0,True,0,1,0
694,False,False,0.0,True,False,3846,0.0,111.0,360.0,1.0,True,0,1,0
695,True,True,1.0,True,True,2395,0.0,128.0,360.0,1.0,True,0,1,0
696,False,True,2.0,True,False,1378,1881.0,167.0,360.0,1.0,False,0,0,1
697,True,True,0.0,True,False,6000,2250.0,265.0,360.0,1.0,False,0,1,0
698,True,True,1.0,True,False,3988,0.0,50.0,240.0,1.0,True,0,0,1
699,True,False,0.0,True,False,2366,2531.0,136.0,360.0,1.0,True,0,1,0
700,True,True,2.0,False,False,3333,2000.0,99.0,360.0,1.0,True,0,1,0
701,True,True,0.0,True,False,2500,2118.0,104.0,360.0,1.0,True,0,1,0
702,True,False,0.0,True,False,8566,0.0,210.0,360.0,1.0,True,0,0,1
703,True,True,0.0,True,False,5695,4167.0,175.0,360.0,1.0,True,0,1,0
704,True,True,0.0,True,False,2958,2900.0,131.0,360.0,1.0,True,0,1,0
705,True,True,2.0,True,False,6250,5654.0,188.0,180.0,1.0,True,0,1,0
706,True,True,2.0,False,False,3273,1820.0,81.0,360.0,1.0,True,0,0,1
707,True,False,0.0,True,False,4133,0.0,122.0,360.0,1.0,True,0,1,0
708,True,False,0.0,False,False,3620,0.0,25.0,120.0,1.0,True,0,1,0
709,True,False,0.0,True,False,6782,0.0,128.0,360.0,1.0,False,0,0,1
710,False,True,0.0,True,False,2484,2302.0,137.0,360.0,1.0,True,0,1,0
711,True,True,0.0,True,False,1977,997.0,50.0,360.0,1.0,True,0,1,0
712,True,True,0.0,False,False,4188,0.0,115.0,180.0,1.0,True,0,1,0
713,True,True,0.0,True,False,1759,3541.0,131.0,360.0,1.0,True,0,1,0
714,True,True,2.0,False,False,4288,3263.0,133.0,180.0,1.0,True,0,0,1
715,True,False,0.0,True,False,4843,3806.0,151.0,360.0,1.0,True,0,1,0
716,True,True,0.0,True,False,13650,0.0,128.0,360.0,1.0,True,0,0,1
717,True,True,0.0,True,False,4652,3583.0,128.0,360.0,1.0,True,0,1,0
718,True,True,0.0,True,False,3816,754.0,160.0,360.0,1.0,True,0,0,1
719,True,True,1.0,True,False,3052,1030.0,100.0,360.0,1.0,True,0,0,1
720,True,True,2.0,True,False,11417,1126.0,225.0,360.0,1.0,True,0,0,1
721,True,False,0.0,False,False,7333,0.0,120.0,360.0,1.0,False,1,0,0
722,True,True,2.0,True,False,3800,3600.0,216.0,360.0,0.0,False,0,0,1
723,True,True,3.0,False,False,2071,754.0,94.0,480.0,1.0,True,0,1,0
724,True,False,0.0,True,False,5316,0.0,136.0,360.0,1.0,True,0,0,1
725,False,True,0.0,True,False,2929,2333.0,139.0,360.0,1.0,True,0,1,0
726,True,True,0.0,False,False,3572,4114.0,152.0,360.0,0.0,False,1,0,0
727,False,False,1.0,True,True,7451,0.0,128.0,360.0,1.0,True,0,1,0
728,True,False,0.0,True,False,5050,0.0,118.0,360.0,1.0,True,0,1,0
729,True,True,1.0,True,False,14583,0.0,185.0,180.0,1.0,True,1,0,0
730,False,True,0.0,True,False,3167,2283.0,154.0,360.0,1.0,True,0,1,0
731,True,True,1.0,True,False,2214,1398.0,85.0,360.0,1.0,True,0,0,1
732,True,True,0.0,True,False,5568,2142.0,175.0,360.0,1.0,False,1,0,0
733,False,False,0.0,True,False,10408,0.0,259.0,360.0,1.0,True,0,0,1
734,True,True,0.0,True,False,5667,2667.0,180.0,360.0,1.0,True,1,0,0
735,False,False,0.0,True,False,4166,0.0,44.0,360.0,1.0,True,0,1,0
736,False,False,0.0,True,False,2137,8980.0,137.0,360.0,0.0,True,0,1,0
737,True,True,2.0,True,False,2957,0.0,81.0,360.0,1.0,True,0,1,0
738,True,True,0.0,False,False,4300,2014.0,194.0,360.0,1.0,True,1,0,0
739,False,False,0.0,True,False,3692,0.0,93.0,360.0,1.0,True,1,0,0
740,True,True,3.0,True,False,23803,0.0,370.0,360.0,1.0,True,1,0,0
741,True,False,0.0,True,False,3865,1640.0,128.0,360.0,1.0,True,1,0,0
742,True,True,1.0,True,True,10513,3850.0,160.0,180.0,0.0,False,0,0,1
743,True,True,0.0,True,False,6080,2569.0,182.0,360.0,1.0,False,1,0,0
744,True,False,0.0,True,True,20166,0.0,650.0,480.0,1.0,True,0,0,1
745,True,False,0.0,True,False,2014,1929.0,74.0,360.0,1.0,True,0,0,1
746,True,False,0.0,True,False,2718,0.0,70.0,360.0,1.0,True,0,1,0
747,True,True,0.0,True,True,3459,0.0,25.0,120.0,1.0,True,0,1,0
748,True,False,0.0,True,False,4895,0.0,102.0,360.0,1.0,True,0,1,0
749,True,True,3.0,True,False,4000,7750.0,290.0,360.0,1.0,False,0,1,0
750,False,True,0.0,True,False,4583,0.0,84.0,360.0,1.0,False,1,0,0
751,True,True,2.0,True,True,3316,3500.0,88.0,360.0,1.0,True,0,0,1
752,True,False,0.0,True,False,14999,0.0,242.0,360.0,0.0,False,0,1,0
753,True,True,2.0,False,False,4200,1430.0,129.0,360.0,1.0,False,1,0,0
754,True,True,2.0,True,False,5042,2083.0,185.0,360.0,1.0,False,1,0,0
755,True,False,0.0,True,False,5417,0.0,168.0,360.0,1.0,True,0,0,1
756,True,False,0.0,True,True,6950,0.0,175.0,180.0,1.0,True,0,1,0
757,True,True,0.0,True,False,2698,2034.0,122.0,360.0,1.0,True,0,1,0
758,True,True,2.0,True,False,11757,0.0,187.0,180.0,1.0,True,0,0,1
759,False,True,0.0,True,False,2330,4486.0,100.0,360.0,1.0,True,0,1,0
760,False,True,2.0,True,False,14866,0.0,70.0,360.0,1.0,True,0,0,1
761,True,True,1.0,True,False,1538,1425.0,30.0,360.0,1.0,True,0,0,1
762,False,False,0.0,True,False,10000,1666.0,225.0,360.0,1.0,False,1,0,0
763,True,True,0.0,True,False,4860,830.0,125.0,360.0,1.0,True,0,1,0
764,True,False,0.0,True,False,6277,0.0,118.0,360.0,0.0,False,1,0,0
765,True,True,0.0,True,True,2577,3750.0,152.0,360.0,1.0,True,1,0,0
766,True,False,0.0,True,False,9166,0.0,244.0,360.0,1.0,False,0,0,1
767,True,True,2.0,False,False,2281,0.0,113.0,360.0,1.0,False,1,0,0
768,True,False,0.0,True,False,3254,0.0,50.0,360.0,1.0,True,0,0,1
769,True,True,3.0,True,False,39999,0.0,600.0,180.0,0.0,True,0,1,0
770,True,True,1.0,True,False,6000,0.0,160.0,360.0,1.0,True,1,0,0
771,True,True,1.0,True,False,9538,0.0,187.0,360.0,1.0,True,0,0,1
772,True,False,0.0,True,False,2980,2083.0,120.0,360.0,1.0,True,1,0,0
773,True,True,0.0,True,False,4583,5625.0,255.0,360.0,1.0,True,0,1,0
774,True,True,0.0,False,False,1863,1041.0,98.0,360.0,1.0,True,0,1,0
775,True,True,0.0,True,False,7933,0.0,275.0,360.0,1.0,False,0,0,1
776,True,True,1.0,True,False,3089,1280.0,121.0,360.0,0.0,False,0,1,0
777,True,True,2.0,True,False,4167,1447.0,158.0,360.0,1.0,True,1,0,0
778,True,True,0.0,True,False,9323,0.0,75.0,180.0,1.0,True,0,0,1
779,True,True,0.0,True,False,3707,3166.0,182.0,360.0,1.0,True,1,0,0
780,False,True,0.0,True,False,4583,0.0,112.0,360.0,1.0,False,1,0,0
781,True,True,0.0,True,False,2439,3333.0,129.0,360.0,1.0,True,1,0,0
782,True,False,0.0,True,False,2237,0.0,63.0,480.0,0.0,False,0,1,0
783,True,True,2.0,True,False,8000,0.0,200.0,360.0,1.0,True,0,1,0
784,True,True,0.0,False,False,1820,1769.0,95.0,360.0,1.0,True,1,0,0
785,True,True,3.0,True,False,51763,0.0,700.0,300.0,1.0,True,0,0,1
786,True,True,3.0,False,False,3522,0.0,81.0,180.0,1.0,False,1,0,0
787,True,True,0.0,True,False,5708,5625.0,187.0,360.0,1.0,True,0,1,0
788,True,True,0.0,False,True,4344,736.0,87.0,360.0,1.0,False,0,1,0
789,True,True,0.0,True,False,3497,1964.0,116.0,360.0,1.0,True,1,0,0
790,True,True,2.0,True,False,2045,1619.0,101.0,360.0,1.0,True,1,0,0
791,True,True,3.0,True,False,5516,11300.0,495.0,360.0,0.0,False,0,1,0
792,True,True,1.0,True,False,3750,0.0,116.0,360.0,1.0,True,0,1,0
793,True,False,0.0,False,False,2333,1451.0,102.0,480.0,0.0,False,0,0,1
794,True,True,1.0,True,False,6400,7250.0,180.0,360.0,0.0,False,0,0,1
795,True,False,0.0,True,False,1916,5063.0,67.0,360.0,1.0,False,1,0,0
796,True,True,0.0,True,False,4600,0.0,73.0,180.0,1.0,True,0,1,0
797,True,True,1.0,True,False,33846,0.0,260.0,360.0,1.0,False,0,1,0
798,False,True,0.0,True,False,3625,0.0,108.0,360.0,1.0,True,0,1,0
799,True,True,0.0,True,True,39147,4750.0,120.0,360.0,1.0,True,0,1,0
800,True,True,1.0,True,True,2178,0.0,66.0,300.0,0.0,False,1,0,0
801,True,True,0.0,True,False,2383,2138.0,58.0,360.0,1.0,True,1,0,0
802,True,True,0.0,True,True,674,5296.0,168.0,360.0,1.0,True,1,0,0
803,True,True,0.0,True,False,9328,0.0,188.0,180.0,1.0,True,1,0,0
804,True,False,0.0,False,False,4885,0.0,48.0,360.0,1.0,True,1,0,0
805,True,False,0.0,True,False,12000,0.0,164.0,360.0,1.0,False,0,1,0
806,True,True,0.0,False,False,6033,0.0,160.0,360.0,1.0,False,0,0,1
807,True,False,0.0,True,False,3858,0.0,76.0,360.0,1.0,True,0,1,0
808,True,False,0.0,True,False,4191,0.0,120.0,360.0,1.0,True,1,0,0
809,True,True,1.0,True,False,3125,2583.0,170.0,360.0,1.0,False,0,1,0
810,True,False,0.0,True,False,8333,3750.0,187.0,360.0,1.0,True,1,0,0
811,False,False,0.0,False,False,1907,2365.0,120.0,360.0,1.0,True,0,0,1
812,False,True,0.0,True,False,3416,2816.0,113.0,360.0,1.0,True,0,1,0
813,True,False,0.0,True,True,11000,0.0,83.0,360.0,1.0,False,0,0,1
814,True,True,1.0,False,False,2600,2500.0,90.0,360.0,1.0,True,0,1,0
815,True,False,2.0,True,False,4923,0.0,166.0,360.0,0.0,True,0,1,0
816,True,True,3.0,False,False,3992,0.0,128.0,180.0,1.0,False,0,0,1
817,True,True,1.0,False,False,3500,1083.0,135.0,360.0,1.0,True,0,0,1
818,True,True,2.0,False,False,3917,0.0,124.0,360.0,1.0,True,0,1,0
819,False,False,0.0,False,False,4408,0.0,120.0,360.0,1.0,True,0,1,0
820,False,False,0.0,True,False,3244,0.0,80.0,360.0,1.0,True,0,0,1
821,True,False,0.0,False,False,3975,2531.0,55.0,360.0,1.0,True,1,0,0
822,True,False,0.0,True,False,2479,0.0,59.0,360.0,1.0,True,0,0,1
823,True,False,0.0,True,False,3418,0.0,127.0,360.0,1.0,False,0,1,0
824,False,False,0.0,True,False,10000,0.0,214.0,360.0,1.0,False,0,1,0
825,True,True,3.0,True,False,3430,1250.0,128.0,360.0,0.0,False,0,1,0
826,True,True,1.0,True,True,7787,0.0,240.0,360.0,1.0,True,0,0,1
827,True,True,3.0,False,True,5703,0.0,130.0,360.0,1.0,True,1,0,0
828,True,True,0.0,True,False,3173,3021.0,137.0,360.0,1.0,True,0,0,1
829,True,True,3.0,False,False,3850,983.0,100.0,360.0,1.0,True,0,1,0
830,True,True,0.0,True,False,150,1800.0,135.0,360.0,1.0,False,1,0,0
831,True,True,0.0,True,False,3727,1775.0,131.0,360.0,1.0,True,0,1,0
832,True,True,2.0,True,False,5000,0.0,72.0,360.0,0.0,False,0,1,0
833,False,True,2.0,True,False,4283,2383.0,127.0,360.0,1.0,True,0,1,0
834,True,True,0.0,True,False,2221,0.0,60.0,360.0,0.0,False,0,0,1
835,True,True,2.0,True,False,4009,1717.0,116.0,360.0,1.0,True,0,1,0
836,True,False,0.0,True,False,2971,2791.0,144.0,360.0,1.0,True,0,1,0
837,True,True,0.0,True,False,7578,1010.0,175.0,360.0,1.0,True,0,1,0
838,True,True,0.0,True,False,6250,0.0,128.0,360.0,1.0,True,0,1,0
839,True,True,0.0,True,False,3250,0.0,170.0,360.0,1.0,False,1,0,0
840,True,True,0.0,False,True,4735,0.0,138.0,360.0,1.0,False,0,0,1
841,True,True,2.0,True,False,6250,1695.0,210.0,360.0,1.0,True,0,1,0
842,True,True,0.0,True,False,4758,0.0,158.0,480.0,1.0,True,0,1,0
843,True,False,0.0,True,True,6400,0.0,200.0,360.0,1.0,True,1,0,0
844,True,True,1.0,True,False,2491,2054.0,104.0,360.0,1.0,True,0,1,0
845,True,True,0.0,True,False,3716,0.0,42.0,180.0,1.0,True,1,0,0
846,True,False,0.0,False,False,3189,2598.0,120.0,360.0,1.0,True,1,0,0
847,False,False,0.0,True,False,8333,0.0,280.0,360.0,1.0,True,0,1,0
848,True,True,1.0,True,False,3155,1779.0,140.0,360.0,1.0,True,0,1,0
849,True,True,1.0,True,False,5500,1260.0,170.0,360.0,1.0,True,1,0,0
850,True,True,0.0,True,False,5746,0.0,255.0,360.0,1.0,False,0,0,1
851,False,False,0.0,True,True,3463,0.0,122.0,360.0,1.0,True,0,0,1
852,False,False,1.0,True,False,3812,0.0,112.0,360.0,1.0,True,1,0,0
853,True,True,1.0,True,False,3315,0.0,96.0,360.0,1.0,True,0,1,0
854,True,True,2.0,True,False,5819,5000.0,120.0,360.0,1.0,True,1,0,0
855,True,True,1.0,False,False,2510,1983.0,140.0,180.0,1.0,False,0,0,1
856,True,False,0.0,True,False,2965,5701.0,155.0,60.0,1.0,True,0,0,1
857,True,True,2.0,True,True,6250,1300.0,108.0,360.0,1.0,True,1,0,0
858,True,True,0.0,False,False,3406,4417.0,123.0,360.0,1.0,True,0,1,0
859,True,False,0.0,True,True,6050,4333.0,120.0,180.0,1.0,False,0,0,1
860,True,True,2.0,True,False,9703,0.0,112.0,360.0,1.0,True,0,0,1
861,True,True,1.0,False,False,6608,0.0,137.0,180.0,1.0,True,0,0,1
862,True,True,1.0,True,False,2882,1843.0,123.0,480.0,1.0,True,0,1,0
863,True,True,0.0,True,False,1809,1868.0,90.0,360.0,1.0,True,0,0,1
864,True,True,0.0,False,False,1668,3890.0,201.0,360.0,0.0,False,0,1,0
865,False,False,2.0,True,False,3427,0.0,138.0,360.0,1.0,False,0,0,1
866,True,False,0.0,False,True,2583,2167.0,104.0,360.0,1.0,True,1,0,0
867,True,True,1.0,False,False,2661,7101.0,279.0,180.0,1.0,True,0,1,0
868,True,False,0.0,True,True,16250,0.0,192.0,360.0,0.0,False,0,0,1
869,False,False,3.0,True,False,3083,0.0,255.0,360.0,1.0,True,1,0,0
870,True,False,0.0,False,False,6045,0.0,115.0,360.0,0.0,False,1,0,0
871,True,True,3.0,True,False,5250,0.0,94.0,360.0,1.0,False,0,0,1
872,True,True,0.0,True,False,14683,2100.0,304.0,360.0,1.0,False,1,0,0
873,True,True,3.0,False,False,4931,0.0,128.0,360.0,1.0,False,0,1,0
874,True,True,1.0,True,False,6083,4250.0,330.0,360.0,1.0,True,0,0,1
875,True,False,0.0,True,False,2060,2209.0,134.0,360.0,1.0,True,0,1,0
876,False,False,1.0,True,False,3481,0.0,155.0,36.0,1.0,False,0,1,0
877,False,False,0.0,True,False,7200,0.0,120.0,360.0,1.0,True,1,0,0
878,True,False,0.0,True,True,5166,0.0,128.0,360.0,1.0,True,0,1,0
879,True,False,0.0,True,False,4095,3447.0,151.0,360.0,1.0,True,1,0,0
880,True,True,2.0,True,False,4708,1387.0,150.0,360.0,1.0,True,0,1,0
881,True,True,3.0,True,False,4333,1811.0,160.0,360.0,0.0,True,0,0,1
882,False,False,0.0,True,False,3418,0.0,135.0,360.0,1.0,False,1,0,0
883,False,False,1.0,True,False,2876,1560.0,90.0,360.0,1.0,True,0,0,1
884,False,False,0.0,True,False,3237,0.0,30.0,360.0,1.0,True,0,0,1
885,True,True,0.0,True,False,11146,0.0,136.0,360.0,1.0,True,0,0,1
886,True,False,0.0,True,False,2833,1857.0,126.0,360.0,1.0,True,1,0,0
887,True,True,0.0,True,False,2620,2223.0,150.0,360.0,1.0,True,0,1,0
888,True,True,2.0,True,False,3900,0.0,90.0,360.0,1.0,True,0,1,0
889,True,True,1.0,True,False,2750,1842.0,115.0,360.0,1.0,True,0,1,0
890,True,True,0.0,True,False,3993,3274.0,207.0,360.0,1.0,True,0,1,0
891,True,True,0.0,True,False,3103,1300.0,80.0,360.0,1.0,True,0,0,1
892,True,True,0.0,True,False,14583,0.0,436.0,360.0,1.0,True,0,1,0
893,False,True,0.0,False,False,4100,0.0,124.0,360.0,1.0,True,1,0,0
894,True,False,1.0,False,True,4053,2426.0,158.0,360.0,0.0,False,0,0,1
895,True,True,0.0,True,False,3927,800.0,112.0,360.0,1.0,True,0,1,0
896,True,True,2.0,True,False,2301,985.7999878,78.0,180.0,1.0,True,0,0,1
897,False,False,0.0,True,False,1811,1666.0,54.0,360.0,1.0,True,0,0,1
898,True,True,0.0,True,False,20667,0.0,128.0,360.0,1.0,False,1,0,0
899,True,False,0.0,True,False,3158,3053.0,89.0,360.0,1.0,True,1,0,0
900,False,False,0.0,True,True,2600,1717.0,99.0,300.0,1.0,False,0,1,0
901,True,True,0.0,True,False,3704,2000.0,120.0,360.0,1.0,True,1,0,0
902,False,False,0.0,True,False,4124,0.0,115.0,360.0,1.0,True,0,1,0
903,True,False,0.0,True,False,9508,0.0,187.0,360.0,1.0,True,1,0,0
904,True,True,0.0,True,False,3075,2416.0,139.0,360.0,1.0,True,1,0,0
905,True,True,2.0,True,False,4400,0.0,127.0,360.0,0.0,False,0,1,0
906,True,True,2.0,True,False,3153,1560.0,134.0,360.0,1.0,True,0,0,1
907,False,False,0.0,True,False,5417,0.0,143.0,480.0,0.0,False,0,0,1
908,True,True,0.0,True,False,2383,3334.0,172.0,360.0,1.0,True,0,1,0
909,True,True,3.0,True,False,4416,1250.0,110.0,360.0,1.0,True,0,0,1
910,True,True,1.0,True,False,6875,0.0,200.0,360.0,1.0,True,0,1,0
911,False,True,1.0,True,False,4666,0.0,135.0,360.0,1.0,True,0,0,1
912,False,False,0.0,True,False,5000,2541.0,151.0,480.0,1.0,False,1,0,0
913,True,True,1.0,True,False,2014,2925.0,113.0,360.0,1.0,False,0,0,1
914,True,True,0.0,False,False,1800,2934.0,93.0,360.0,0.0,False,0,0,1
915,True,True,0.0,False,False,2875,1750.0,105.0,360.0,1.0,True,0,1,0
916,False,False,0.0,True,False,5000,0.0,132.0,360.0,1.0,True,1,0,0
917,True,True,1.0,True,False,1625,1803.0,96.0,360.0,1.0,True,0,0,1
918,True,False,0.0,True,False,4000,2500.0,140.0,360.0,1.0,True,1,0,0
919,True,False,0.0,False,False,2000,0.0,128.0,360.0,1.0,False,0,0,1
920,False,False,0.0,True,False,3762,1666.0,135.0,360.0,1.0,True,1,0,0
921,False,False,0.0,True,False,2400,1863.0,104.0,360.0,0.0,False,0,0,1
922,True,False,0.0,True,False,20233,0.0,480.0,360.0,1.0,False,1,0,0
923,True,True,2.0,False,False,7667,0.0,185.0,360.0,1.0,True,1,0,0
924,False,False,0.0,True,False,2917,0.0,84.0,360.0,1.0,True,0,1,0
925,True,False,0.0,False,False,2927,2405.0,111.0,360.0,1.0,True,0,1,0
926,False,False,0.0,True,False,2507,0.0,56.0,360.0,1.0,True,1,0,0
927,True,True,2.0,True,True,5746,0.0,144.0,84.0,1.0,True,1,0,0
928,True,True,0.0,True,False,2473,1843.0,159.0,360.0,1.0,False,1,0,0
929,True,True,1.0,False,False,3399,1640.0,111.0,180.0,1.0,True,0,0,1
930,True,True,2.0,True,False,3717,0.0,120.0,360.0,1.0,True,0,1,0
931,True,True,0.0,True,False,2058,2134.0,88.0,360.0,1.0,True,0,0,1
932,False,False,1.0,True,False,3541,0.0,112.0,360.0,1.0,True,0,1,0
933,True,True,1.0,True,True,10000,0.0,155.0,360.0,1.0,False,1,0,0
934,True,True,0.0,True,False,2400,2167.0,115.0,360.0,1.0,True,0,1,0
935,True,True,3.0,True,False,4342,189.0,124.0,360.0,1.0,True,0,1,0
936,True,True,2.0,False,False,3601,1590.0,128.0,360.0,1.0,True,1,0,0
937,False,False,0.0,True,False,3166,2985.0,132.0,360.0,1.0,True,1,0,0
938,True,True,3.0,True,False,15000,0.0,300.0,360.0,1.0,True,1,0,0
939,True,True,1.0,True,True,8666,4983.0,376.0,360.0,0.0,False,1,0,0
940,True,False,0.0,True,False,4917,0.0,130.0,360.0,0.0,True,1,0,0
941,True,True,0.0,True,True,5818,2160.0,184.0,360.0,1.0,True,0,1,0
942,False,True,0.0,True,False,4333,2451.0,110.0,360.0,1.0,False,0,0,1
943,False,False,0.0,True,False,2500,0.0,67.0,360.0,1.0,True,0,0,1
944,True,False,1.0,True,False,4384,1793.0,117.0,360.0,1.0,True,0,0,1
945,True,False,0.0,True,False,2935,0.0,98.0,360.0,1.0,True,0,1,0
946,True,False,0.0,True,False,2833,0.0,71.0,360.0,1.0,True,0,0,1
947,True,True,0.0,True,False,63337,0.0,490.0,180.0,1.0,True,0,0,1
948,True,True,1.0,True,True,9833,1833.0,182.0,180.0,1.0,True,0,0,1
949,True,True,0.0,True,True,5503,4490.0,70.0,360.0,1.0,True,0,1,0
950,True,True,1.0,True,False,5250,688.0,160.0,360.0,1.0,True,1,0,0
951,True,True,2.0,True,True,2500,4600.0,176.0,360.0,1.0,True,1,0,0
952,False,False,3.0,False,False,1830,0.0,128.0,360.0,0.0,False,0,0,1
953,False,False,0.0,True,False,4160,0.0,71.0,360.0,1.0,True,0,1,0
954,True,True,3.0,False,False,2647,1587.0,173.0,360.0,1.0,False,1,0,0
955,False,False,0.0,True,False,2378,0.0,46.0,360.0,1.0,False,1,0,0
956,True,True,1.0,False,False,4554,1229.0,158.0,360.0,1.0,True,0,0,1
957,True,True,3.0,False,False,3173,0.0,74.0,360.0,1.0,True,0,1,0
958,True,True,2.0,True,False,2583,2330.0,125.0,360.0,1.0,True,1,0,0
959,True,True,0.0,True,False,2499,2458.0,160.0,360.0,1.0,True,0,1,0
960,True,True,0.0,False,False,3523,3230.0,152.0,360.0,0.0,False,1,0,0
961,True,True,2.0,False,False,3083,2168.0,126.0,360.0,1.0,True,0,0,1
962,True,True,0.0,True,False,6333,4583.0,259.0,360.0,1.0,True,0,1,0
963,True,True,0.0,True,False,2625,6250.0,187.0,360.0,1.0,True,1,0,0
964,True,True,0.0,True,False,9083,0.0,228.0,360.0,1.0,True,0,1,0
965,True,False,0.0,True,False,8750,4167.0,308.0,360.0,1.0,False,1,0,0
966,True,True,3.0,True,False,2666,2083.0,95.0,360.0,1.0,True,1,0,0
967,False,True,0.0,True,True,5500,0.0,105.0,360.0,0.0,False,1,0,0
968,False,True,0.0,True,False,2423,505.0,130.0,360.0,1.0,True,0,1,0
969,False,False,0.0,True,False,3813,0.0,116.0,180.0,1.0,True,0,0,1
970,True,True,2.0,True,False,8333,3167.0,165.0,360.0,1.0,True,1,0,0
971,True,True,1.0,True,False,3875,0.0,67.0,360.0,1.0,False,0,0,1
972,True,True,0.0,False,False,3000,1666.0,100.0,480.0,0.0,False,0,0,1
973,True,True,3.0,True,False,5167,3167.0,200.0,360.0,1.0,True,0,1,0
974,False,False,1.0,True,False,4723,0.0,81.0,360.0,1.0,False,0,1,0
975,True,True,2.0,True,False,5000,3667.0,236.0,360.0,1.0,True,0,1,0
976,True,True,0.0,True,False,4750,2333.0,130.0,360.0,1.0,True,0,0,1
977,True,True,0.0,True,False,3013,3033.0,95.0,300.0,1.0,True,0,0,1
978,True,False,0.0,True,True,6822,0.0,141.0,360.0,1.0,True,1,0,0
979,True,False,0.0,False,False,6216,0.0,133.0,360.0,1.0,False,1,0,0
980,True,False,0.0,True,False,2500,0.0,96.0,480.0,1.0,False,0,1,0
981,True,False,0.0,True,False,5124,0.0,124.0,360.0,0.0,False,1,0,0
982,True,True,1.0,True,False,6325,0.0,175.0,360.0,1.0,True,0,1,0
983,True,True,0.0,True,False,19730,5266.0,570.0,360.0,1.0,False,1,0,0
984,False,False,0.0,True,True,15759,0.0,55.0,360.0,1.0,True,0,1,0
985,True,True,2.0,True,False,5185,0.0,155.0,360.0,1.0,True,0,1,0
986,True,True,2.0,True,True,9323,7873.0,380.0,300.0,1.0,True,1,0,0
987,True,False,1.0,True,False,3062,1987.0,111.0,180.0,0.0,False,0,0,1
988,False,False,0.0,True,False,2764,1459.0,110.0,360.0,1.0,True,0,0,1
989,True,True,0.0,True,False,4817,923.0,120.0,180.0,1.0,True,0,0,1
990,True,True,3.0,True,False,8750,4996.0,130.0,360.0,1.0,True,1,0,0
991,True,True,0.0,True,False,4310,0.0,130.0,360.0,1.0,True,0,1,0
992,True,False,0.0,True,False,3069,0.0,71.0,480.0,1.0,False,0,0,1
993,True,True,2.0,True,False,5391,0.0,130.0,360.0,1.0,True,0,0,1
994,True,True,0.0,True,False,3333,2500.0,128.0,360.0,1.0,True,0,1,0
995,True,False,0.0,True,False,5941,4232.0,296.0,360.0,1.0,True,0,1,0
996,False,False,0.0,True,False,6000,0.0,156.0,360.0,1.0,True,0,0,1
997,True,False,0.0,True,True,7167,0.0,128.0,360.0,1.0,True,0,0,1
998,True,True,2.0,True,False,4566,0.0,100.0,360.0,1.0,False,0,0,1
999,True,False,1.0,True,False,3667,0.0,113.0,180.0,1.0,True,0,0,1
1000,True,False,0.0,False,False,2346,1600.0,132.0,360.0,1.0,True,0,1,0
1001,True,True,0.0,False,False,3010,3136.0,128.0,360.0,0.0,False,0,0,1
1002,True,True,0.0,True,False,2333,2417.0,136.0,360.0,1.0,True,0,0,1
1003,True,True,0.0,True,False,5488,0.0,125.0,360.0,1.0,True,1,0,0
1004,True,False,3.0,True,False,9167,0.0,185.0,360.0,1.0,True,1,0,0
1005,True,True,3.0,True,False,9504,0.0,275.0,360.0,1.0,True,1,0,0
1006,True,True,0.0,True,False,2583,2115.0,120.0,360.0,1.0,True,0,0,1
1007,True,True,2.0,False,False,1993,1625.0,113.0,180.0,1.0,True,0,1,0
1008,True,True,2.0,True,False,3100,1400.0,113.0,360.0,1.0,True,0,0,1
1009,True,True,2.0,True,False,3276,484.0,135.0,360.0,1.0,True,0,1,0
1010,False,False,0.0,True,False,3180,0.0,71.0,360.0,0.0,False,0,0,1
1011,True,True,0.0,True,False,3033,1459.0,95.0,360.0,1.0,True,0,0,1
1012,True,False,0.0,False,False,3902,1666.0,109.0,360.0,1.0,True,1,0,0
1013,False,False,0.0,True,False,1500,1800.0,103.0,360.0,0.0,False,0,1,0
1014,True,True,2.0,False,False,2889,0.0,45.0,180.0,0.0,False,0,0,1
1015,True,False,0.0,False,False,2755,0.0,65.0,300.0,1.0,False,1,0,0
1016,True,False,0.0,True,False,2500,20000.0,103.0,360.0,1.0,True,0,1,0
1017,False,False,0.0,False,False,1963,0.0,53.0,360.0,1.0,True,0,1,0
1018,False,False,0.0,True,True,7441,0.0,194.0,360.0,1.0,False,1,0,0
1019,False,False,0.0,True,False,4547,0.0,115.0,360.0,1.0,True,0,1,0
1020,True,True,0.0,False,False,2167,2400.0,115.0,360.0,1.0,True,0,0,1
1021,False,False,0.0,False,False,2213,0.0,66.0,360.0,1.0,True,1,0,0
1022,True,True,1.0,True,False,8300,0.0,152.0,300.0,0.0,False,0,1,0
1023,True,True,3.0,True,False,81000,0.0,360.0,360.0,0.0,False,1,0,0
1024,False,False,1.0,False,True,3867,0.0,62.0,360.0,1.0,False,0,1,0
1025,True,True,0.0,True,False,6256,0.0,160.0,360.0,1.0,True,0,0,1
1026,True,True,0.0,False,False,6096,0.0,218.0,360.0,0.0,False,1,0,0
1027,True,True,0.0,False,False,2253,2033.0,110.0,360.0,1.0,True,1,0,0
1028,False,True,0.0,False,False,2149,3237.0,178.0,360.0,0.0,False,0,1,0
1029,False,False,0.0,True,False,2995,0.0,60.0,360.0,1.0,True,0,0,1
1030,False,False,1.0,True,False,2600,0.0,160.0,360.0,1.0,False,0,0,1
1031,True,True,2.0,True,True,1600,20000.0,239.0,360.0,1.0,False,0,0,1
1032,True,True,0.0,True,False,1025,2773.0,112.0,360.0,1.0,True,1,0,0
1033,True,True,0.0,True,False,3246,1417.0,138.0,360.0,1.0,True,0,1,0
1034,True,True,0.0,True,False,5829,0.0,138.0,360.0,1.0,True,1,0,0
1035,False,False,0.0,False,False,2720,0.0,80.0,360.0,0.0,False,0,0,1
1036,True,True,0.0,True,False,1820,1719.0,100.0,360.0,1.0,True,0,0,1
1037,True,True,1.0,True,False,7250,1667.0,110.0,360.0,0.0,False,0,0,1
1038,True,True,0.0,True,False,14880,0.0,96.0,360.0,1.0,True,0,1,0
1039,True,True,0.0,True,False,2666,4300.0,121.0,360.0,1.0,True,1,0,0
1040,False,False,1.0,False,False,4606,0.0,81.0,360.0,1.0,False,1,0,0
1041,True,True,2.0,True,False,5935,0.0,133.0,360.0,1.0,True,0,1,0
1042,True,True,0.0,True,False,2920,16.12000084,87.0,360.0,1.0,True,1,0,0
1043,True,False,0.0,False,False,2717,0.0,60.0,180.0,1.0,True,0,0,1
1044,False,False,1.0,True,True,8624,0.0,150.0,360.0,1.0,True,0,1,0
1045,True,False,0.0,True,False,6500,0.0,105.0,360.0,0.0,False,1,0,0
1046,True,False,0.0,True,False,12876,0.0,405.0,360.0,1.0,True,0,1,0
1047,True,True,0.0,True,False,2425,2340.0,143.0,360.0,1.0,True,0,1,0
1048,True,False,0.0,True,False,3750,0.0,100.0,360.0,1.0,True,0,0,1
1049,False,True,0.0,True,False,10047,0.0,128.0,240.0,1.0,True,0,1,0
1050,True,False,0.0,True,False,1926,1851.0,50.0,360.0,1.0,True,0,1,0
1051,True,True,0.0,True,False,2213,1125.0,128.0,360.0,1.0,True,0,0,1
1052,True,False,0.0,True,True,10416,0.0,187.0,360.0,0.0,False,0,0,1
1053,False,True,0.0,False,True,7142,0.0,138.0,360.0,1.0,True,1,0,0
1054,True,False,0.0,True,False,3660,5064.0,187.0,360.0,1.0,True,0,1,0
1055,True,True,0.0,True,False,7901,1833.0,180.0,360.0,1.0,True,1,0,0
1056,True,False,3.0,False,False,4707,1993.0,148.0,360.0,1.0,True,0,1,0
1057,True,False,1.0,True,False,37719,0.0,152.0,360.0,1.0,True,0,1,0
1058,True,True,0.0,True,False,7333,8333.0,175.0,300.0,1.0,True,1,0,0
1059,True,True,1.0,True,True,3466,1210.0,130.0,360.0,1.0,True,1,0,0
1060,True,True,2.0,False,False,4652,0.0,110.0,360.0,1.0,True,1,0,0
1061,True,True,0.0,True,False,3539,1376.0,55.0,360.0,1.0,False,1,0,0
1062,True,True,2.0,True,False,3340,1710.0,150.0,360.0,0.0,False,1,0,0
1063,True,False,1.0,False,True,2769,1542.0,190.0,360.0,1.0,False,0,1,0
1064,True,True,2.0,False,False,2309,1255.0,125.0,360.0,0.0,False,1,0,0
1065,True,True,2.0,False,False,1958,1456.0,60.0,300.0,1.0,True,0,0,1
1066,True,True,0.0,True,False,3948,1733.0,149.0,360.0,0.0,False,1,0,0
1067,True,True,0.0,True,False,2483,2466.0,90.0,180.0,0.0,True,1,0,0
1068,True,False,0.0,True,True,7085,0.0,84.0,360.0,1.0,True,0,1,0
1069,True,True,2.0,True,False,3859,0.0,96.0,360.0,1.0,True,0,1,0
1070,True,True,0.0,True,False,4301,0.0,118.0,360.0,1.0,True,0,0,1
1071,True,True,0.0,True,False,3708,2569.0,173.0,360.0,1.0,False,0,0,1
1072,True,False,2.0,True,False,4354,0.0,136.0,360.0,1.0,True,1,0,0
1073,True,True,0.0,True,False,8334,0.0,160.0,360.0,1.0,False,0,1,0
1074,True,True,0.0,True,True,2083,4083.0,160.0,360.0,1.0,True,0,1,0
1075,True,True,3.0,True,False,7740,0.0,128.0,180.0,1.0,True,0,0,1
1076,True,True,0.0,True,False,3015,2188.0,153.0,360.0,1.0,True,1,0,0
1077,False,False,1.0,False,False,5191,0.0,132.0,360.0,1.0,True,0,1,0
1078,True,False,0.0,True,False,4166,0.0,98.0,360.0,0.0,False,0,1,0
1079,True,False,0.0,True,False,6000,0.0,140.0,360.0,1.0,True,1,0,0
1080,True,True,3.0,False,False,2947,1664.0,70.0,180.0,0.0,False,0,0,1
1081,True,True,0.0,True,False,16692,0.0,110.0,360.0,1.0,True,0,1,0
1082,False,True,2.0,False,False,210,2917.0,98.0,360.0,1.0,True,0,1,0
1083,True,True,0.0,True,False,4333,2451.0,110.0,360.0,1.0,False,0,0,1
1084,True,True,1.0,True,True,3450,2079.0,162.0,360.0,1.0,True,0,1,0
1085,True,True,1.0,False,False,2653,1500.0,113.0,180.0,0.0,False,1,0,0
1086,True,True,3.0,True,False,4691,0.0,100.0,360.0,1.0,True,0,1,0
1087,False,False,0.0,True,True,2500,0.0,93.0,360.0,1.0,True,0,0,1
1088,True,False,2.0,True,False,5532,4648.0,162.0,360.0,1.0,True,1,0,0
1089,True,True,2.0,True,True,16525,1014.0,150.0,360.0,1.0,True,1,0,0
1090,True,True,2.0,True,False,6700,1750.0,230.0,300.0,1.0,True,0,1,0
1091,True,True,2.0,True,False,2873,1872.0,132.0,360.0,0.0,False,0,1,0
1092,True,True,1.0,True,True,16667,2250.0,86.0,360.0,1.0,True,0,1,0
1093,True,True,2.0,True,False,2947,1603.0,128.0,360.0,1.0,False,0,0,1
1094,False,False,0.0,False,False,4350,0.0,154.0,360.0,1.0,True,1,0,0
1095,True,True,3.0,False,False,3095,0.0,113.0,360.0,1.0,True,1,0,0
1096,True,True,0.0,True,False,2083,3150.0,128.0,360.0,1.0,True,0,1,0
1097,True,True,0.0,True,False,10833,0.0,234.0,360.0,1.0,True,0,1,0
1098,True,True,2.0,True,False,8333,0.0,246.0,360.0,1.0,True,0,1,0
1099,True,True,1.0,False,False,1958,2436.0,131.0,360.0,1.0,True,1,0,0
1100,True,False,2.0,True,False,3547,0.0,80.0,360.0,0.0,False,1,0,0
1101,True,True,1.0,True,False,18333,0.0,500.0,360.0,1.0,False,0,0,1
1102,True,True,2.0,True,True,4583,2083.0,160.0,360.0,1.0,True,0,1,0
1103,True,False,0.0,True,False,2435,0.0,75.0,360.0,1.0,False,0,0,1
1104,True,False,0.0,False,False,2699,2785.0,96.0,360.0,1.0,True,0,1,0
1105,True,True,1.0,False,False,5333,1131.0,186.0,360.0,1.0,True,0,0,1
1106,True,False,0.0,False,False,3691,0.0,110.0,360.0,1.0,True,1,0,0
1107,False,False,0.0,False,True,17263,0.0,225.0,360.0,1.0,True,0,1,0
1108,True,True,0.0,True,False,3597,2157.0,119.0,360.0,0.0,False,1,0,0
1109,False,True,1.0,True,False,3326,913.0,105.0,84.0,1.0,True,0,1,0
1110,True,True,0.0,False,False,2600,1700.0,107.0,360.0,1.0,True,1,0,0
1111,True,True,0.0,True,False,4625,2857.0,111.0,12.0,1.0,True,0,0,1
1112,True,True,1.0,True,True,2895,0.0,95.0,360.0,1.0,True,0,1,0
1113,True,False,0.0,True,False,6283,4416.0,209.0,360.0,0.0,False,1,0,0
1114,False,False,0.0,True,False,645,3683.0,113.0,480.0,1.0,True,1,0,0
1115,False,False,0.0,True,False,3159,0.0,100.0,360.0,1.0,True,0,1,0
1116,True,True,2.0,True,False,4865,5624.0,208.0,360.0,1.0,True,0,1,0
1117,True,True,1.0,False,False,4050,5302.0,138.0,360.0,1.0,False,1,0,0
1118,True,True,0.0,False,False,3814,1483.0,124.0,300.0,1.0,True,0,1,0
1119,True,True,2.0,True,False,3510,4416.0,243.0,360.0,1.0,True,1,0,0
1120,True,True,0.0,True,False,20833,6667.0,480.0,360.0,1.0,True,0,0,1
1121,True,False,0.0,True,False,3583,0.0,96.0,360.0,1.0,False,0,0,1
1122,True,True,0.0,True,True,2479,3013.0,188.0,360.0,1.0,True,0,0,1
1123,False,False,1.0,True,False,13262,0.0,40.0,360.0,1.0,True,0,0,1
1124,True,False,0.0,False,False,3598,1287.0,100.0,360.0,1.0,False,1,0,0
1125,True,True,1.0,True,False,6065,2004.0,250.0,360.0,1.0,True,0,1,0
1126,True,True,2.0,True,False,3283,2035.0,148.0,360.0,1.0,True,0,0,1
1127,True,True,0.0,True,False,2130,6666.0,70.0,180.0,1.0,False,0,1,0
1128,True,False,0.0,True,False,5815,3666.0,311.0,360.0,1.0,False,1,0,0
1129,True,True,3.0,True,False,3466,3428.0,150.0,360.0,1.0,True,1,0,0
1130,False,True,2.0,True,False,2031,1632.0,113.0,480.0,1.0,True,0,1,0
1131,True,True,0.0,False,False,3074,1800.0,123.0,360.0,0.0,False,0,1,0
1132,True,False,0.0,True,False,4683,1915.0,185.0,360.0,1.0,False,0,1,0
1133,False,False,0.0,False,False,3400,0.0,95.0,360.0,1.0,False,1,0,0
1134,True,True,2.0,False,False,2192,1742.0,45.0,360.0,1.0,True,0,1,0
1135,True,False,0.0,True,False,2500,0.0,55.0,360.0,1.0,True,0,1,0
1136,True,True,3.0,True,True,5677,1424.0,100.0,360.0,1.0,True,1,0,0
1137,True,True,2.0,True,True,7948,7166.0,480.0,360.0,1.0,True,1,0,0
1138,True,False,0.0,True,False,4680,2087.0,128.0,360.0,1.0,False,0,1,0
1139,True,True,2.0,True,True,17500,0.0,400.0,360.0,1.0,True,1,0,0
1140,True,True,0.0,True,False,3775,0.0,110.0,360.0,1.0,True,0,1,0
1141,True,True,1.0,False,False,5285,1430.0,161.0,360.0,0.0,True,0,1,0
1142,True,False,1.0,False,False,2679,1302.0,94.0,360.0,1.0,True,0,1,0
1143,True,False,0.0,False,False,6783,0.0,130.0,360.0,1.0,True,0,1,0
1144,True,True,0.0,True,False,1025,5500.0,216.0,360.0,1.0,True,1,0,0
1145,True,True,3.0,True,False,4281,0.0,100.0,360.0,1.0,True,0,0,1
1146,True,False,2.0,True,False,3588,0.0,110.0,360.0,0.0,False,1,0,0
1147,True,False,1.0,True,False,11250,0.0,196.0,360.0,1.0,False,0,1,0
1148,False,False,0.0,False,True,18165,0.0,125.0,360.0,1.0,True,0,0,1
1149,True,False,0.0,False,False,2550,2042.0,126.0,360.0,1.0,True,1,0,0
1150,True,True,0.0,True,False,6133,3906.0,324.0,360.0,1.0,True,0,0,1
1151,True,False,2.0,True,False,3617,0.0,107.0,360.0,1.0,True,0,1,0
1152,True,True,0.0,False,False,2917,536.0,66.0,360.0,1.0,False,1,0,0
1153,True,True,3.0,True,False,6417,0.0,157.0,180.0,1.0,True,1,0,0
1154,False,True,1.0,True,False,4608,2845.0,140.0,180.0,1.0,True,0,1,0
1155,False,False,0.0,True,False,2138,0.0,99.0,360.0,0.0,False,0,1,0
1156,False,False,1.0,True,False,3652,0.0,95.0,360.0,1.0,True,0,1,0
1157,True,True,1.0,False,False,2239,2524.0,128.0,360.0,1.0,True,0,0,1
1158,False,True,0.0,False,False,3017,663.0,102.0,360.0,1.0,True,0,1,0
1159,True,True,0.0,True,False,2768,1950.0,155.0,360.0,1.0,True,1,0,0
1160,True,False,0.0,False,False,3358,0.0,80.0,36.0,1.0,False,0,1,0
1161,True,False,0.0,True,False,2526,1783.0,145.0,360.0,1.0,True,1,0,0
1162,False,False,0.0,True,False,5000,0.0,103.0,360.0,0.0,False,0,1,0
1163,True,True,0.0,True,False,2785,2016.0,110.0,360.0,1.0,True,1,0,0
1164,True,True,2.0,True,True,6633,0.0,128.0,360.0,0.0,False,1,0,0
1165,True,True,1.0,False,False,2492,2375.0,128.0,360.0,1.0,True,1,0,0
1166,True,True,1.0,True,False,3333,3250.0,158.0,360.0,1.0,True,0,0,1
1167,True,True,0.0,False,False,2454,2333.0,181.0,360.0,0.0,False,0,0,1
1168,True,True,0.0,True,False,3593,4266.0,132.0,180.0,0.0,False,1,0,0
1169,True,True,1.0,True,False,5468,1032.0,26.0,360.0,1.0,True,0,1,0
1170,False,False,0.0,True,False,2667,1625.0,84.0,360.0,1.0,True,0,0,1
1171,True,True,3.0,True,True,10139,0.0,260.0,360.0,1.0,True,0,1,0
1172,True,True,0.0,True,False,3887,2669.0,162.0,360.0,1.0,True,0,1,0
1173,False,True,0.0,True,False,4180,2306.0,182.0,360.0,1.0,True,0,1,0
1174,True,True,2.0,False,False,3675,242.0,108.0,360.0,1.0,True,0,1,0
1175,False,True,1.0,True,True,19484,0.0,600.0,360.0,1.0,True,0,1,0
1176,True,True,0.0,True,False,5923,2054.0,211.0,360.0,1.0,True,1,0,0
1177,True,False,0.0,False,True,5800,0.0,132.0,360.0,1.0,True,0,1,0
1178,True,True,2.0,True,False,8799,0.0,258.0,360.0,0.0,False,0,0,1
1179,True,True,0.0,False,False,4467,0.0,120.0,360.0,1.0,True,1,0,0
1180,True,False,0.0,True,False,3333,0.0,70.0,360.0,1.0,True,0,0,1
1181,True,True,3.0,True,False,3400,2500.0,123.0,360.0,0.0,False,1,0,0
1182,False,False,0.0,True,False,2378,0.0,9.0,360.0,1.0,False,0,0,1
1183,True,True,0.0,True,False,3166,2064.0,104.0,360.0,0.0,False,0,0,1
1184,True,True,1.0,True,False,3417,1750.0,186.0,360.0,1.0,True,0,0,1
1185,True,True,0.0,True,False,5116,1451.0,165.0,360.0,0.0,False,0,0,1
1186,True,True,2.0,True,False,16666,0.0,275.0,360.0,1.0,True,0,0,1
1187,True,True,2.0,False,False,6125,1625.0,187.0,480.0,1.0,False,0,1,0
1188,True,True,3.0,True,False,6406,0.0,150.0,360.0,1.0,False,0,1,0
1189,True,True,2.0,True,False,3159,461.0,108.0,84.0,1.0,True,0,0,1
1190,True,True,0.0,True,False,3087,2210.0,136.0,360.0,0.0,False,0,1,0
1191,True,False,0.0,True,False,3229,2739.0,110.0,360.0,1.0,True,0,0,1
1192,True,True,1.0,True,False,1782,2232.0,107.0,360.0,1.0,True,1,0,0
1193,True,False,0.0,True,False,3182,2917.0,161.0,360.0,1.0,True,0,0,1
1194,True,True,2.0,True,False,6540,0.0,205.0,360.0,1.0,True,0,1,0
1195,True,False,0.0,True,False,1836,33837.0,90.0,360.0,1.0,False,0,0,1
1196,False,True,0.0,True,False,3166,0.0,36.0,360.0,1.0,True,0,1,0
1197,True,True,1.0,True,False,1880,0.0,61.0,360.0,1.0,False,1,0,0
1198,True,True,1.0,True,False,2787,1917.0,146.0,360.0,0.0,False,1,0,0
1199,True,True,1.0,True,False,4283,3000.0,172.0,84.0,1.0,False,1,0,0
1200,True,True,0.0,True,False,2297,1522.0,104.0,360.0,1.0,True,0,0,1
1201,False,False,0.0,False,False,2165,0.0,70.0,360.0,1.0,True,0,1,0
1202,True,False,0.0,True,False,4750,0.0,94.0,360.0,1.0,True,0,1,0
1203,True,True,2.0,True,True,2726,0.0,106.0,360.0,0.0,False,0,1,0
1204,True,True,0.0,True,False,3000,3416.0,56.0,180.0,1.0,True,0,1,0
1205,True,True,2.0,True,True,6000,0.0,205.0,240.0,1.0,False,0,1,0
1206,True,False,3.0,True,True,9357,0.0,292.0,360.0,1.0,True,0,1,0
1207,True,True,0.0,True,False,3859,3300.0,142.0,180.0,1.0,True,1,0,0
1208,True,True,0.0,True,True,16120,0.0,260.0,360.0,1.0,True,0,0,1
1209,True,False,0.0,False,False,3833,0.0,110.0,360.0,1.0,True,1,0,0
1210,True,True,2.0,False,True,6383,1000.0,187.0,360.0,1.0,False,1,0,0
1211,True,False,0.0,True,False,2987,0.0,88.0,360.0,0.0,False,0,1,0
1212,True,True,0.0,True,True,9963,0.0,180.0,360.0,1.0,True,1,0,0
1213,True,True,2.0,True,False,5780,0.0,192.0,360.0,1.0,True,0,0,1
1214,False,False,3.0,True,False,416,41667.0,350.0,180.0,1.0,False,0,0,1
1215,True,True,0.0,False,False,2894,2792.0,155.0,360.0,1.0,True,1,0,0
1216,True,True,3.0,True,False,5703,0.0,128.0,360.0,1.0,True,0,0,1
1217,True,False,0.0,True,False,3676,4301.0,172.0,360.0,1.0,True,1,0,0
1218,False,True,1.0,True,False,12000,0.0,496.0,360.0,1.0,True,0,1,0
1219,True,True,0.0,False,False,2400,3800.0,128.0,180.0,1.0,False,0,0,1
1220,True,True,1.0,True,False,3400,2500.0,173.0,360.0,1.0,True,0,1,0
1221,True,True,2.0,False,False,3987,1411.0,157.0,360.0,1.0,True,1,0,0
1222,True,True,0.0,True,False,3232,1950.0,108.0,360.0,1.0,True,1,0,0
1223,False,False,0.0,True,False,2900,0.0,71.0,360.0,1.0,True,1,0,0
1224,True,True,3.0,True,False,4106,0.0,40.0,180.0,1.0,True,1,0,0
1225,True,True,1.0,True,False,8072,240.0,253.0,360.0,1.0,True,0,0,1
1226,True,True,2.0,True,False,7583,0.0,187.0,360.0,1.0,True,0,0,1
1227,False,False,0.0,True,True,4583,0.0,133.0,360.0,0.0,False,0,1,0
1228,True,True,1.0,False,False,2492,2375.0,126.0,360.0,1.0,True,1,0,0
1229,True,False,0.0,True,False,5849,0.0,126.0,360.0,1.0,True,0,0,1
1230,True,True,0.0,True,False,2213,1125.0,126.0,360.0,1.0,True,0,0,1
1231,True,True,2.0,True,True,6633,0.0,126.0,360.0,0.0,False,1,0,0
1232,False,True,0.0,True,False,10047,0.0,126.0,240.0,1.0,True,0,1,0
1233,True,True,0.0,True,False,13650,0.0,126.0,360.0,1.0,True,0,0,1
1234,False,False,1.0,True,True,7451,0.0,126.0,360.0,1.0,True,0,1,0
1235,True,True,0.0,True,False,4652,3583.0,126.0,360.0,1.0,True,0,1,0
1236,True,True,2.0,False,False,3601,1590.0,126.0,360.0,1.0,True,1,0,0
1237,True,True,3.0,False,False,3992,0.0,126.0,180.0,1.0,False,0,0,1
1238,True,False,0.0,True,False,6782,0.0,126.0,360.0,1.0,False,0,0,1
1239,True,True,1.0,True,True,2395,0.0,126.0,360.0,1.0,True,0,1,0
1240,True,False,0.0,True,False,3865,1640.0,126.0,360.0,1.0,True,1,0,0
1241,True,True,0.0,True,False,2275,2067.0,126.0,360.0,1.0,True,0,0,1
